precision,lang,layer_num,layer_label,top1_token,top1_prob,p_cairo_en,p_cairo_ar,p_egypt_en,p_egypt_ar,p_cairo_full_ar,p_alex_en,p_alex_ar,p_bold,p_qmark_en,p_qmark_ar
FP16 Baseline,EN,0,embed,<|START_RESPONSE|>,1.0,2.8287096058187527e-34,1.545430450278218e-13,2.795208725939191e-20,7.283063041541027e-14,2.1610093502947848e-23,1.1965442210392307e-26,5.0182080713057076e-14,0.0,0.0,5.161607022330893e-21
FP16 Baseline,EN,1,L0,inc,0.0032196044921875,4.0531158447265625e-06,4.470348358154297e-08,2.9206275939941406e-06,1.4826655387878418e-06,1.259148120880127e-06,3.5762786865234375e-06,7.562339305877686e-07,1.0384246706962585e-07,1.4842953532934189e-09,1.9818544387817383e-06
FP16 Baseline,EN,2,L1,200,0.0135498046875,0.000225067138671875,1.6670674085617065e-07,2.726912498474121e-06,3.7550926208496094e-06,8.940696716308594e-07,5.543231964111328e-06,6.07222318649292e-07,2.905726432800293e-06,9.173527359962463e-08,2.4139881134033203e-06
FP16 Baseline,EN,3,L2,25,0.0191650390625,2.872943878173828e-05,9.918585419654846e-08,5.21540641784668e-07,9.611248970031738e-07,7.860362529754639e-07,4.6193599700927734e-06,5.178153514862061e-07,8.106231689453125e-06,3.6694109439849854e-07,1.6614794731140137e-06
FP16 Baseline,EN,4,L3,200,0.0322265625,7.227063179016113e-07,3.3178366720676422e-09,1.0896474123001099e-07,8.89413058757782e-08,3.91155481338501e-07,1.1548399925231934e-06,1.4156103134155273e-07,1.4454126358032227e-06,4.4517219066619873e-07,3.3155083656311035e-07
FP16 Baseline,EN,5,L4,24,0.0142822265625,2.3096799850463867e-07,2.421438694000244e-07,4.5634806156158447e-07,6.48200511932373e-07,5.885958671569824e-07,5.781650543212891e-06,1.341104507446289e-06,8.121132850646973e-07,2.7865171432495117e-06,1.2889504432678223e-06
FP16 Baseline,EN,6,L5,it,0.006622314453125,3.3676624298095703e-06,3.5762786865234375e-07,5.424022674560547e-06,1.1315569281578064e-07,6.817281246185303e-07,1.6689300537109375e-05,1.4901161193847656e-06,9.98377799987793e-07,1.773238182067871e-06,2.775341272354126e-07
FP16 Baseline,EN,7,L6,162,0.0033111572265625,6.817281246185303e-07,2.998858690261841e-07,2.682209014892578e-06,2.4959444999694824e-07,6.034970283508301e-07,2.5331974029541016e-06,1.4901161193847656e-06,2.998858690261841e-07,5.51808625459671e-08,2.5890767574310303e-07
FP16 Baseline,EN,8,L7,05,0.01708984375,1.6167759895324707e-06,3.241002559661865e-07,3.6209821701049805e-06,2.8312206268310547e-07,1.6689300537109375e-06,1.817941665649414e-06,5.602836608886719e-06,9.760260581970215e-07,3.6135315895080566e-07,1.695007085800171e-07
FP16 Baseline,EN,9,L8,jab,0.00335693359375,4.935264587402344e-05,1.4603137969970703e-06,5.900859832763672e-06,3.1478703022003174e-07,4.32133674621582e-06,4.9173831939697266e-06,1.8715858459472656e-05,3.050081431865692e-08,1.9744038581848145e-07,1.7136335372924805e-07
FP16 Baseline,EN,10,L9,07,0.00946044921875,4.124641418457031e-05,1.6205012798309326e-07,9.775161743164062e-06,2.253800630569458e-07,1.773238182067871e-06,4.6193599700927734e-06,1.6927719116210938e-05,2.3245811462402344e-06,1.955777406692505e-07,2.998858690261841e-07
FP16 Baseline,EN,11,L10,09,0.021728515625,2.115964889526367e-06,1.555308699607849e-07,1.1771917343139648e-06,6.938353180885315e-08,4.600733518600464e-07,2.2798776626586914e-06,1.52587890625e-05,5.692243576049805e-06,1.7974525690078735e-07,7.37607479095459e-07
FP16 Baseline,EN,12,L11, em,0.0196533203125,6.794929504394531e-06,1.0151416063308716e-07,2.5480985641479492e-06,3.9814040064811707e-08,1.0132789611816406e-06,4.649162292480469e-06,2.944469451904297e-05,1.52587890625e-05,5.811452865600586e-06,5.364418029785156e-07
FP16 Baseline,EN,13,L12,ation,0.0546875,3.904104232788086e-06,2.5960616767406464e-08,7.934868335723877e-07,9.406358003616333e-08,6.258487701416016e-07,1.6689300537109375e-06,6.0498714447021484e-06,4.500150680541992e-06,1.0013580322265625e-05,2.384185791015625e-07
FP16 Baseline,EN,14,L13,it,0.004150390625,3.427267074584961e-06,1.7601996660232544e-07,3.2223761081695557e-07,4.842877388000488e-07,6.407499313354492e-07,1.8477439880371094e-06,4.220008850097656e-05,2.905726432800293e-06,1.564621925354004e-07,1.7229467630386353e-07
FP16 Baseline,EN,15,L14,it,0.0888671875,4.1909515857696533e-07,6.426125764846802e-08,1.30385160446167e-07,1.0570511221885681e-07,3.371387720108032e-07,4.023313522338867e-06,7.3015689849853516e-06,5.221366882324219e-05,1.817941665649414e-06,6.705522537231445e-08
FP16 Baseline,EN,16,L15,it,0.006561279296875,3.371387720108032e-07,1.1688098311424255e-07,3.7066638469696045e-07,5.029141902923584e-07,1.259148120880127e-06,8.463859558105469e-06,4.887580871582031e-06,1.138448715209961e-05,7.962808012962341e-08,3.841705620288849e-08
FP16 Baseline,EN,17,L16,born,0.003662109375,1.895427703857422e-05,4.470348358154297e-06,4.4330954551696777e-07,6.8247318267822266e-06,1.5720725059509277e-06,2.288818359375e-05,1.0311603546142578e-05,6.16908073425293e-06,3.7834979593753815e-09,6.51925802230835e-08
FP16 Baseline,EN,18,L17,itaj,0.006866455078125,1.0989606380462646e-07,4.082918167114258e-06,1.6614794731140137e-06,3.719329833984375e-05,2.9355287551879883e-06,1.3113021850585938e-06,7.390975952148438e-05,1.1742115020751953e-05,1.210719347000122e-08,2.253800630569458e-07
FP16 Baseline,EN,19,L18,itaj,0.006195068359375,8.195638656616211e-07,5.3942203521728516e-06,1.259148120880127e-06,0.00017547607421875,3.7103891372680664e-06,4.0978193283081055e-07,5.53131103515625e-05,3.409385681152344e-05,1.4435499906539917e-08,8.344650268554688e-07
FP16 Baseline,EN,20,L19,ترین,0.0057373046875,1.0058283805847168e-06,3.814697265625e-05,2.518296241760254e-06,9.870529174804688e-05,9.98377799987793e-07,1.6577541828155518e-07,0.00020885467529296875,2.7120113372802734e-06,1.4260876923799515e-08,1.4454126358032227e-06
FP16 Baseline,EN,21,L20,ترین,0.0034332275390625,3.166496753692627e-08,1.1861324310302734e-05,6.854534149169922e-07,4.172325134277344e-05,1.8924474716186523e-06,8.335337042808533e-08,3.528594970703125e-05,2.3990869522094727e-06,2.4920154828578234e-10,4.880130290985107e-07
FP16 Baseline,EN,22,L21,νομ,0.0087890625,8.847564458847046e-09,0.00019741058349609375,4.0605664253234863e-07,0.000438690185546875,1.1473894119262695e-06,1.2200325727462769e-07,0.00046539306640625,3.7670135498046875e-05,1.3969838619232178e-09,3.3229589462280273e-06
FP16 Baseline,EN,23,L22,اس,0.0019683837890625,1.8347054719924927e-07,6.246566772460938e-05,1.0848045349121094e-05,0.000331878662109375,8.52346420288086e-06,3.129243850708008e-07,0.000125885009765625,0.00139617919921875,4.307366907596588e-09,8.702278137207031e-06
FP16 Baseline,EN,24,L23,**,0.00482177734375,1.019798219203949e-07,0.00011920928955078125,8.96453857421875e-05,0.000507354736328125,5.7220458984375e-05,1.9222497940063477e-06,0.00010824203491210938,0.00482177734375,3.855675458908081e-07,1.9073486328125e-05
FP16 Baseline,EN,25,L24, egy,0.12109375,5.326000973582268e-09,7.152557373046875e-05,0.0023651123046875,0.0003204345703125,0.000896453857421875,3.3974647521972656e-06,6.4849853515625e-05,0.00045013427734375,1.3620592653751373e-08,1.4960765838623047e-05
FP16 Baseline,EN,26,L25, egy,0.08056640625,6.612390279769897e-08,8.440017700195312e-05,0.00130462646484375,9.584426879882812e-05,0.00063323974609375,5.334615707397461e-06,0.00011920928955078125,0.00482177734375,9.173527359962463e-08,2.4199485778808594e-05
FP16 Baseline,EN,27,L26, egy,0.11376953125,1.5832483768463135e-07,0.00019931793212890625,0.00107574462890625,0.00011396408081054688,0.00051116943359375,6.556510925292969e-06,0.00016021728515625,0.015380859375,2.0302832126617432e-07,4.9591064453125e-05
FP16 Baseline,EN,28,L27, egy,0.498046875,1.7136335372924805e-07,0.0001220703125,0.00119781494140625,1.2695789337158203e-05,0.0005645751953125,2.086162567138672e-05,2.7298927307128906e-05,0.2080078125,4.500150680541992e-06,2.765655517578125e-05
FP16 Baseline,EN,29,L28, egy,0.62109375,2.0605511963367462e-08,8.58306884765625e-06,0.00238037109375,6.258487701416016e-07,0.000682830810546875,0.0001430511474609375,1.1205673217773438e-05,0.00732421875,5.289912223815918e-07,3.0547380447387695e-06
FP16 Baseline,EN,30,L29, egy,0.5078125,2.898741513490677e-08,4.887580871582031e-05,0.006011962890625,2.0265579223632812e-06,0.00045013427734375,0.00017070770263671875,4.458427429199219e-05,0.00098419189453125,1.4994293451309204e-07,4.857778549194336e-06
FP16 Baseline,EN,31,L30, egy,0.6953125,9.778887033462524e-09,5.7220458984375e-05,0.0026702880859375,4.842877388000488e-07,0.0005950927734375,0.00011730194091796875,1.6927719116210938e-05,0.006805419921875,1.043081283569336e-07,8.083879947662354e-07
FP16 Baseline,EN,32,L31, egy,0.412109375,4.190951585769653e-09,2.8967857360839844e-05,0.000659942626953125,4.260800778865814e-08,0.0001773834228515625,0.0002422332763671875,9.417533874511719e-06,0.07177734375,7.450580596923828e-08,6.258487701416016e-07
FP16 Baseline,EN,33,L32, **,0.28125,1.126900315284729e-07,1.5616416931152344e-05,0.0007171630859375,1.0756775736808777e-07,0.000232696533203125,0.00104522705078125,4.57763671875e-05,0.10986328125,1.9650906324386597e-07,5.327165126800537e-07
FP16 Baseline,EN,34,L33,**,0.67578125,0.000789642333984375,8.419156074523926e-07,0.0029296875,8.568167686462402e-08,0.000255584716796875,0.0027618408203125,6.407499313354492e-06,0.67578125,8.828938007354736e-07,1.1408701539039612e-07
FP16 Baseline,EN,35,L34,C,0.6171875,0.6171875,1.83936208486557e-08,0.00016117095947265625,1.57160684466362e-08,5.8710575103759766e-06,0.0025177001953125,1.3317912817001343e-07,0.330078125,2.86102294921875e-06,2.468004822731018e-08
FP16 Baseline,EN,36,L35,C,0.5859375,0.5859375,3.003515303134918e-08,0.1904296875,2.954038791358471e-09,4.839897155761719e-05,0.0703125,7.59027898311615e-08,0.0400390625,1.7583370208740234e-06,1.94646418094635e-07
FP16 Baseline,MSA,0,embed,<|START_RESPONSE|>,1.0,2.8287096058187527e-34,1.545430450278218e-13,2.795208725939191e-20,7.283063041541027e-14,2.1610093502947848e-23,1.1965442210392307e-26,5.0182080713057076e-14,0.0,0.0,5.161607022330893e-21
FP16 Baseline,MSA,1,L0,inc,0.003326416015625,7.987022399902344e-06,7.497146725654602e-08,3.1888484954833984e-06,2.3692846298217773e-06,1.3932585716247559e-06,1.9222497940063477e-06,1.0058283805847168e-06,3.371387720108032e-07,1.0943040251731873e-08,2.8014183044433594e-06
FP16 Baseline,MSA,2,L1,500,0.0164794921875,0.000274658203125,1.825392246246338e-07,2.3096799850463867e-06,4.231929779052734e-06,7.413327693939209e-07,3.635883331298828e-06,5.811452865600586e-07,8.165836334228516e-06,5.289912223815918e-07,2.473592758178711e-06
FP16 Baseline,MSA,3,L2,25,0.0301513671875,2.574920654296875e-05,1.1408701539039612e-07,4.470348358154297e-07,1.1846423149108887e-06,6.92903995513916e-07,2.637505531311035e-06,4.6566128730773926e-07,1.5139579772949219e-05,1.6093254089355469e-06,1.5348196029663086e-06
FP16 Baseline,MSA,4,L3,14,0.0400390625,3.7848949432373047e-06,4.353933036327362e-08,1.8998980522155762e-07,7.525086402893066e-07,7.599592208862305e-07,3.293156623840332e-06,2.738088369369507e-07,1.621246337890625e-05,1.0788440704345703e-05,8.419156074523926e-07
FP16 Baseline,MSA,5,L4,4,0.0244140625,7.897615432739258e-07,1.7434358596801758e-06,4.7124922275543213e-07,4.231929779052734e-06,8.866190910339355e-07,6.377696990966797e-06,4.291534423828125e-06,1.0848045349121094e-05,2.6464462280273438e-05,2.562999725341797e-06
FP16 Baseline,MSA,6,L5,it,0.0294189453125,7.331371307373047e-06,2.7567148208618164e-06,2.9355287551879883e-06,8.828938007354736e-07,1.1771917343139648e-06,2.86102294921875e-05,2.3096799850463867e-06,1.8477439880371094e-05,4.291534423828125e-05,1.1324882507324219e-06
FP16 Baseline,MSA,7,L6,005,0.005096435546875,2.6971101760864258e-06,2.9653310775756836e-06,2.428889274597168e-06,2.4884939193725586e-06,1.4677643775939941e-06,3.5315752029418945e-06,3.159046173095703e-06,5.543231964111328e-06,5.3942203521728516e-06,1.5273690223693848e-06
FP16 Baseline,MSA,8,L7,4,0.03173828125,5.513429641723633e-06,2.995133399963379e-06,1.8253922462463379e-06,1.9073486328125e-06,2.8759241104125977e-06,2.2649765014648438e-06,1.6689300537109375e-05,5.9604644775390625e-06,8.344650268554688e-06,5.327165126800537e-07
FP16 Baseline,MSA,9,L8,Dec,0.00836181640625,0.00022983551025390625,5.0067901611328125e-06,4.112720489501953e-06,1.952052116394043e-06,8.225440979003906e-06,6.22868537902832e-06,3.266334533691406e-05,3.129243850708008e-07,7.3909759521484375e-06,2.0675361156463623e-07
FP16 Baseline,MSA,10,L9,19,0.126953125,6.628036499023438e-05,5.168840289115906e-08,1.214444637298584e-06,4.493631422519684e-08,2.7939677238464355e-07,2.816319465637207e-06,1.5348196029663086e-06,5.0961971282958984e-06,2.8312206268310547e-07,5.8906152844429016e-08
FP16 Baseline,MSA,11,L10,23,0.05419921875,1.0207295417785645e-06,4.731118679046631e-07,8.083879947662354e-07,1.3690441846847534e-07,3.2782554626464844e-07,1.2889504432678223e-06,1.1205673217773438e-05,6.079673767089844e-06,1.8998980522155762e-07,4.6938657760620117e-07
FP16 Baseline,MSA,12,L11,11,0.0123291015625,3.874301910400391e-06,7.636845111846924e-07,3.4570693969726562e-06,2.0582228899002075e-07,6.221234798431396e-07,8.106231689453125e-06,4.5299530029296875e-05,8.344650268554688e-06,4.947185516357422e-06,4.7497451305389404e-07
FP16 Baseline,MSA,13,L12,if,0.0238037109375,2.2351741790771484e-06,2.4959444999694824e-07,7.227063179016113e-07,3.6135315895080566e-07,6.444752216339111e-07,1.296401023864746e-06,5.751848220825195e-06,5.066394805908203e-06,7.3909759521484375e-06,2.0954757928848267e-07
FP16 Baseline,MSA,14,L13,it,0.00604248046875,4.9173831939697266e-06,1.6987323760986328e-06,6.295740604400635e-07,2.339482307434082e-06,1.0132789611816406e-06,1.55717134475708e-06,9.489059448242188e-05,4.470348358154297e-06,2.039596438407898e-07,1.341104507446289e-07
FP16 Baseline,MSA,15,L14,it,0.04638671875,1.9278377294540405e-07,3.3527612686157227e-07,2.1792948246002197e-07,1.087784767150879e-06,8.530914783477783e-07,1.5869736671447754e-06,2.8133392333984375e-05,3.3855438232421875e-05,6.92903995513916e-07,6.007030606269836e-08
FP16 Baseline,MSA,16,L15,it,0.008056640625,4.2282044887542725e-07,6.444752216339111e-07,6.854534149169922e-07,2.3096799850463867e-06,2.3692846298217773e-06,6.586313247680664e-06,1.6570091247558594e-05,5.036592483520508e-06,3.562308847904205e-08,3.236345946788788e-08
FP16 Baseline,MSA,17,L16, rätt,0.0035858154296875,4.112720489501953e-06,4.0531158447265625e-05,6.146728992462158e-07,3.0159950256347656e-05,3.129243850708008e-06,1.0073184967041016e-05,1.919269561767578e-05,2.8908252716064453e-06,1.2078089639544487e-09,4.889443516731262e-08
FP16 Baseline,MSA,18,L17, شم,0.0052490234375,2.3748725652694702e-07,2.6345252990722656e-05,1.475214958190918e-06,9.059906005859375e-05,2.9206275939941406e-06,1.4379620552062988e-06,0.00014019012451171875,3.7401914596557617e-06,5.3318217396736145e-08,3.6694109439849854e-07
FP16 Baseline,MSA,19,L18,架,0.00433349609375,2.6971101760864258e-06,2.6941299438476562e-05,1.0654330253601074e-06,0.0002288818359375,2.995133399963379e-06,6.295740604400635e-07,9.679794311523438e-05,1.4662742614746094e-05,3.864988684654236e-08,1.4603137969970703e-06
FP16 Baseline,MSA,20,L19, none,0.004150390625,7.040798664093018e-07,0.00010395050048828125,1.7434358596801758e-06,0.00019359588623046875,1.0654330253601074e-06,2.0023435354232788e-07,0.00018787384033203125,6.92903995513916e-07,1.979060471057892e-08,2.130866050720215e-06
FP16 Baseline,MSA,21,L20,νομ,0.00537109375,2.4097971618175507e-08,4.792213439941406e-05,4.33996319770813e-07,8.821487426757812e-05,2.086162567138672e-06,1.30385160446167e-07,3.337860107421875e-05,8.977949619293213e-07,1.482476363889873e-10,8.046627044677734e-07
FP16 Baseline,MSA,22,L21,νομ,0.007781982421875,8.556526154279709e-09,0.00079345703125,3.8743019104003906e-07,0.000957489013671875,1.735985279083252e-06,2.0116567611694336e-07,0.000637054443359375,1.2278556823730469e-05,1.3096723705530167e-09,5.155801773071289e-06
FP16 Baseline,MSA,23,L22, nowhere,0.006439208984375,3.4924596548080444e-08,0.000438690185546875,5.543231964111328e-06,0.000743865966796875,1.5497207641601562e-05,3.520399332046509e-07,0.00012969970703125,0.00157928466796875,2.459273673593998e-09,1.6689300537109375e-05
FP16 Baseline,MSA,24,L23,565,0.0106201171875,8.556526154279709e-09,0.0012664794921875,1.9550323486328125e-05,0.00157928466796875,9.202957153320312e-05,2.8014183044433594e-06,7.867813110351562e-05,0.0023651123046875,5.587935447692871e-08,2.849102020263672e-05
FP16 Baseline,MSA,25,L24, egy,0.012939453125,1.355147105641663e-10,0.00131988525390625,0.00011920928955078125,0.00124359130859375,0.000751495361328125,1.8551945686340332e-06,6.67572021484375e-05,0.0001068115234375,3.3760443329811096e-09,4.5299530029296875e-05
FP16 Baseline,MSA,26,L25,ِ,0.00482177734375,1.0113581083714962e-09,0.0030059814453125,0.00011682510375976562,0.000446319580078125,0.000370025634765625,3.2186508178710938e-06,0.0001430511474609375,0.000652313232421875,6.373738870024681e-09,4.4345855712890625e-05
FP16 Baseline,MSA,27,L26, egy,0.0093994140625,6.461050361394882e-09,0.00909423828125,0.0001888275146484375,0.000598907470703125,0.0004520416259765625,5.424022674560547e-06,0.00019168853759765625,0.00830078125,3.3760443329811096e-08,6.437301635742188e-05
FP16 Baseline,MSA,28,L27, egy,0.048828125,2.6775524020195007e-09,0.01092529296875,0.00014591217041015625,0.00028228759765625,0.002593994140625,2.3484230041503906e-05,3.409385681152344e-05,0.026123046875,1.5832483768463135e-07,4.5299530029296875e-05
FP16 Baseline,MSA,29,L28, egy,0.06298828125,5.129550117999315e-10,0.002227783203125,0.0002422332763671875,5.936622619628906e-05,0.004425048828125,0.0002346038818359375,4.6253204345703125e-05,0.0029449462890625,1.6530975699424744e-08,1.1324882507324219e-05
FP16 Baseline,MSA,30,L29, egy,0.06787109375,9.38598532229662e-10,0.01043701171875,0.0002613067626953125,0.000179290771484375,0.00433349609375,0.0001735687255859375,7.2479248046875e-05,0.0004291534423828125,6.955815479159355e-09,2.276897430419922e-05
FP16 Baseline,MSA,31,L30, egy,0.083984375,1.4370016288012266e-10,0.0308837890625,0.00010776519775390625,0.000484466552734375,0.00537109375,7.62939453125e-05,6.341934204101562e-05,0.000484466552734375,4.452886059880257e-09,9.000301361083984e-06
FP16 Baseline,MSA,32,L31,ال,0.09814453125,2.9103830456733704e-11,0.09814453125,2.9087066650390625e-05,7.677078247070312e-05,0.0024566650390625,8.96453857421875e-05,9.822845458984375e-05,0.002044677734375,2.3137545213103294e-09,4.202127456665039e-06
FP16 Baseline,MSA,33,L32,ال,0.48828125,2.546585164964199e-10,0.48828125,1.3828277587890625e-05,0.00019073486328125,0.00128936767578125,6.628036499023438e-05,0.00021648406982421875,0.00421142578125,5.056790541857481e-10,2.1904706954956055e-06
FP16 Baseline,MSA,34,L33,ال,0.314453125,4.2282044887542725e-07,0.314453125,2.849102020263672e-05,0.00165557861328125,0.004486083984375,0.0001316070556640625,0.0002613067626953125,0.00897216796875,5.056790541857481e-10,3.680586814880371e-06
FP16 Baseline,MSA,35,L34,ال,0.53125,0.000152587890625,0.53125,6.151199340820312e-05,0.009765625,0.000850677490234375,0.00042724609375,0.00042724609375,0.1953125,4.98257577419281e-08,1.2516975402832031e-05
FP16 Baseline,MSA,36,L35,ال,0.6953125,3.361701965332031e-05,0.6953125,0.004150390625,0.016357421875,0.00567626953125,0.00037384033203125,0.0269775390625,0.032470703125,7.003545761108398e-07,1.5854835510253906e-05
FP16 Baseline,Masri,0,embed,<|START_RESPONSE|>,1.0,2.8287096058187527e-34,1.545430450278218e-13,2.795208725939191e-20,7.283063041541027e-14,2.1610093502947848e-23,1.1965442210392307e-26,5.0182080713057076e-14,0.0,0.0,5.161607022330893e-21
FP16 Baseline,Masri,1,L0,inc,0.003265380859375,6.020069122314453e-06,6.472691893577576e-08,2.7567148208618164e-06,1.646578311920166e-06,1.1846423149108887e-06,2.175569534301758e-06,8.754432201385498e-07,2.998858690261841e-07,5.384208634495735e-09,2.5033950805664062e-06
FP16 Baseline,Masri,2,L1,200,0.0191650390625,0.000339508056640625,1.5739351511001587e-07,2.086162567138672e-06,3.337860107421875e-06,7.301568984985352e-07,3.516674041748047e-06,5.178153514862061e-07,7.748603820800781e-06,2.644956111907959e-07,2.130866050720215e-06
FP16 Baseline,Masri,3,L2,25,0.0257568359375,3.981590270996094e-05,1.0617077350616455e-07,3.91155481338501e-07,9.387731552124023e-07,6.742775440216064e-07,3.084540367126465e-06,4.116445779800415e-07,1.2934207916259766e-05,7.82310962677002e-07,1.4454126358032227e-06
FP16 Baseline,Masri,4,L3,4,0.035888671875,5.334615707397461e-06,1.4493707567453384e-08,1.5832483768463135e-07,3.2223761081695557e-07,4.079192876815796e-07,1.8998980522155762e-06,1.2665987014770508e-07,4.291534423828125e-06,7.487833499908447e-07,3.259629011154175e-07
FP16 Baseline,Masri,5,L4,4,0.0245361328125,1.4007091522216797e-06,2.205371856689453e-06,8.083879947662354e-07,7.212162017822266e-06,7.413327693939209e-07,8.225440979003906e-06,3.933906555175781e-06,9.059906005859375e-06,3.904104232788086e-06,1.519918441772461e-06
FP16 Baseline,Masri,6,L5,it,0.03857421875,1.8477439880371094e-05,1.9371509552001953e-06,3.56137752532959e-06,1.0952353477478027e-06,9.611248970031738e-07,1.9073486328125e-05,2.7120113372802734e-06,7.927417755126953e-06,9.59634780883789e-06,8.23289155960083e-07
FP16 Baseline,Masri,7,L6,888,0.004608154296875,1.1980533599853516e-05,2.16066837310791e-06,2.518296241760254e-06,3.1739473342895508e-06,1.0579824447631836e-06,3.7401914596557617e-06,2.428889274597168e-06,3.1441450119018555e-06,2.7567148208618164e-06,1.773238182067871e-06
FP16 Baseline,Masri,8,L7,4,0.1328125,1.043081283569336e-05,7.599592208862305e-07,1.0356307029724121e-06,1.0654330253601074e-06,1.3113021850585938e-06,1.043081283569336e-06,4.1425228118896484e-06,4.023313522338867e-06,5.155801773071289e-06,4.33996319770813e-07
FP16 Baseline,Masri,9,L8,'re,0.01153564453125,0.000141143798828125,1.817941665649414e-06,5.7220458984375e-06,1.1920928955078125e-06,5.066394805908203e-06,5.4836273193359375e-06,1.6570091247558594e-05,1.9744038581848145e-07,4.827976226806641e-06,2.3096799850463867e-07
FP16 Baseline,Masri,10,L9,19,0.1025390625,4.4345855712890625e-05,4.21423465013504e-08,1.1622905731201172e-06,5.122274160385132e-08,1.6763806343078613e-07,2.652406692504883e-06,1.4007091522216797e-06,3.7401914596557617e-06,1.3224780559539795e-07,4.959292709827423e-08
FP16 Baseline,Masri,11,L10,23,0.05419921875,1.0654330253601074e-06,4.4517219066619873e-07,1.3262033462524414e-06,2.384185791015625e-07,2.123415470123291e-07,1.3262033462524414e-06,1.233816146850586e-05,8.225440979003906e-06,9.313225746154785e-08,4.209578037261963e-07
FP16 Baseline,Masri,12,L11,about,0.010986328125,4.0531158447265625e-06,8.605420589447021e-07,4.887580871582031e-06,4.954636096954346e-07,6.407499313354492e-07,1.1026859283447266e-05,4.649162292480469e-05,7.808208465576172e-06,3.5762786865234375e-06,7.040798664093018e-07
FP16 Baseline,Masri,13,L12,if,0.03369140625,1.9669532775878906e-06,2.0023435354232788e-07,4.3958425521850586e-07,3.8743019104003906e-07,3.46451997756958e-07,1.0952353477478027e-06,5.9604644775390625e-06,2.3692846298217773e-06,1.55717134475708e-06,1.2014061212539673e-07
FP16 Baseline,Masri,14,L13,it,0.006866455078125,1.0967254638671875e-05,2.3096799850463867e-06,5.885958671569824e-07,2.5480985641479492e-06,4.4889748096466064e-07,2.3096799850463867e-06,0.000171661376953125,3.0994415283203125e-06,1.7043203115463257e-07,1.2014061212539673e-07
FP16 Baseline,Masri,15,L14,it,0.04248046875,2.300366759300232e-07,2.942979335784912e-07,1.2665987014770508e-07,6.705522537231445e-07,4.991888999938965e-07,3.546476364135742e-06,3.8623809814453125e-05,3.409385681152344e-05,1.2889504432678223e-06,5.3318217396736145e-08
FP16 Baseline,Masri,16,L15,it,0.022705078125,4.6566128730773926e-07,8.158385753631592e-07,5.364418029785156e-07,2.3245811462402344e-06,1.646578311920166e-06,1.6570091247558594e-05,2.4199485778808594e-05,7.152557373046875e-06,4.377216100692749e-08,2.1420419216156006e-08
FP16 Baseline,Masri,17,L16,架,0.0036163330078125,1.0609626770019531e-05,3.266334533691406e-05,6.51925802230835e-07,3.528594970703125e-05,2.995133399963379e-06,2.1457672119140625e-05,2.288818359375e-05,1.5497207641601562e-05,1.709850039333105e-09,4.6333298087120056e-08
FP16 Baseline,Masri,18,L17, شم,0.007354736328125,1.1473894119262695e-06,2.3126602172851562e-05,1.1473894119262695e-06,0.00011539459228515625,3.1739473342895508e-06,3.4570693969726562e-06,0.00017833709716796875,1.1444091796875e-05,1.3317912817001343e-07,3.855675458908081e-07
FP16 Baseline,Masri,19,L18,架,0.00811767578125,5.543231964111328e-06,1.7762184143066406e-05,9.611248970031738e-07,0.0001583099365234375,2.6226043701171875e-06,9.685754776000977e-07,0.00011587142944335938,2.467632293701172e-05,6.379559636116028e-08,1.3187527656555176e-06
FP16 Baseline,Masri,20,L19, answer,0.00689697265625,1.6242265701293945e-06,8.153915405273438e-05,2.3096799850463867e-06,0.00022220611572265625,9.834766387939453e-07,4.842877388000488e-07,0.00022220611572265625,1.214444637298584e-06,7.12461769580841e-08,2.518296241760254e-06
FP16 Baseline,Masri,21,L20,νομ,0.0047607421875,5.448237061500549e-08,4.4345855712890625e-05,4.5634806156158447e-07,9.870529174804688e-05,1.6093254089355469e-06,1.993030309677124e-07,3.933906555175781e-05,9.499490261077881e-07,3.1468516681343317e-10,1.043081283569336e-06
FP16 Baseline,Masri,22,L21,νομ,0.00634765625,8.440110832452774e-09,0.00128936767578125,4.470348358154297e-07,0.00113677978515625,1.3262033462524414e-06,2.4028122425079346e-07,0.001007080078125,5.990266799926758e-06,9.458744898438454e-10,4.1425228118896484e-06
FP16 Baseline,Masri,23,L22,ِ,0.00994873046875,1.4901161193847656e-08,0.0008392333984375,5.245208740234375e-06,0.00063323974609375,1.4603137969970703e-05,2.337619662284851e-07,0.0001373291015625,0.000308990478515625,1.5279510989785194e-09,8.225440979003906e-06
FP16 Baseline,Masri,24,L23,565,0.01220703125,3.2014213502407074e-09,0.001373291015625,2.6702880859375e-05,0.00128936767578125,0.00010585784912109375,1.9818544387817383e-06,6.532669067382812e-05,0.0003814697265625,2.759043127298355e-08,1.704692840576172e-05
FP16 Baseline,Masri,25,L24, egy,0.01544189453125,7.639755494892597e-11,0.00135040283203125,6.818771362304688e-05,0.000957489013671875,0.000598907470703125,1.1101365089416504e-06,5.054473876953125e-05,4.839897155761719e-05,3.899913281202316e-09,2.467632293701172e-05
FP16 Baseline,Masri,26,L25,ِ,0.0062255859375,5.129550117999315e-10,0.0035552978515625,9.441375732421875e-05,0.000362396240234375,0.000362396240234375,1.9222497940063477e-06,0.00012302398681640625,0.000274658203125,6.868503987789154e-09,2.8371810913085938e-05
FP16 Baseline,Masri,27,L26, egy,0.0108642578125,2.939486876130104e-09,0.00823974609375,0.00015544891357421875,0.000560760498046875,0.0004634857177734375,3.471970558166504e-06,0.00014400482177734375,0.004119873046875,3.702007234096527e-08,4.0531158447265625e-05
FP16 Baseline,Masri,28,L27, egy,0.0712890625,1.3460521586239338e-09,0.009033203125,0.0001373291015625,0.00020599365234375,0.0031280517578125,1.5616416931152344e-05,2.1696090698242188e-05,0.00848388671875,1.5087425708770752e-07,2.586841583251953e-05
FP16 Baseline,Masri,29,L28, egy,0.09765625,4.547473508864641e-10,0.0026092529296875,0.0002422332763671875,7.62939453125e-05,0.004852294921875,0.0001773834228515625,4.267692565917969e-05,0.00122833251953125,1.6530975699424744e-08,7.420778274536133e-06
FP16 Baseline,Masri,30,L29, egy,0.10693359375,9.89530235528946e-10,0.015380859375,0.0002498626708984375,0.0002193450927734375,0.00469970703125,0.00012493133544921875,5.91278076171875e-05,0.00019359588623046875,6.868503987789154e-09,1.537799835205078e-05
FP16 Baseline,Masri,31,L30, egy,0.126953125,1.5825207810848951e-10,0.046630859375,0.00012302398681640625,0.0006256103515625,0.0067138671875,7.009506225585938e-05,5.125999450683594e-05,0.00020313262939453125,3.4924596548080444e-09,5.811452865600586e-06
FP16 Baseline,Masri,32,L31,ال,0.1513671875,4.206412995699793e-11,0.1513671875,3.600120544433594e-05,0.0001010894775390625,0.0033416748046875,0.0001010894775390625,0.00010395050048828125,0.0010223388671875,2.7794158086180687e-09,2.60770320892334e-06
FP16 Baseline,Masri,33,L32,ال,0.625,3.3651303965598345e-10,0.625,1.519918441772461e-05,0.000244140625,0.0017547607421875,7.486343383789062e-05,0.00019073486328125,0.00186920166015625,5.20230969414115e-10,1.043081283569336e-06
FP16 Baseline,Masri,34,L33,ال,0.458984375,6.593763828277588e-07,0.458984375,4.00543212890625e-05,0.0021209716796875,0.006561279296875,0.00016880035400390625,0.0002040863037109375,0.00372314453125,4.3291947804391384e-10,1.9371509552001953e-06
FP16 Baseline,Masri,35,L34,ال,0.68359375,0.00031280517578125,0.68359375,6.151199340820312e-05,0.01104736328125,0.000705718994140625,0.0004558563232421875,0.0002765655517578125,0.0986328125,4.0279701352119446e-08,5.5730342864990234e-06
FP16 Baseline,Masri,36,L35,ال,0.734375,3.790855407714844e-05,0.734375,0.0059814453125,0.0152587890625,0.0072021484375,0.000370025634765625,0.023681640625,0.017333984375,7.562339305877686e-07,1.0192394256591797e-05
Int8 Quantized,EN,0,embed,<|START_RESPONSE|>,1.0,2.8287096058187527e-34,1.545430450278218e-13,2.795208725939191e-20,7.283063041541027e-14,2.1610093502947848e-23,1.1965442210392307e-26,5.0182080713057076e-14,0.0,0.0,5.161607022330893e-21
Int8 Quantized,EN,1,L0,aku,0.003265380859375,3.814697265625e-06,4.7497451305389404e-08,2.9802322387695312e-06,1.519918441772461e-06,1.2889504432678223e-06,3.56137752532959e-06,7.82310962677002e-07,1.0058283805847168e-07,1.4115357771515846e-09,2.0116567611694336e-06
Int8 Quantized,EN,2,L1,200,0.013671875,0.00022125244140625,1.7136335372924805e-07,2.8312206268310547e-06,3.874301910400391e-06,9.275972843170166e-07,5.811452865600586e-06,6.295740604400635e-07,2.9206275939941406e-06,8.66129994392395e-08,2.473592758178711e-06
Int8 Quantized,EN,3,L2,25,0.0191650390625,2.7894973754882812e-05,1.0011717677116394e-07,5.21540641784668e-07,9.611248970031738e-07,8.046627044677734e-07,4.649162292480469e-06,5.327165126800537e-07,8.285045623779297e-06,3.650784492492676e-07,1.7061829566955566e-06
Int8 Quantized,EN,4,L3,200,0.0341796875,7.189810276031494e-07,3.2014213502407074e-09,1.0896474123001099e-07,8.89413058757782e-08,3.948807716369629e-07,1.1846423149108887e-06,1.3969838619232178e-07,1.4528632164001465e-06,4.414469003677368e-07,3.334134817123413e-07
Int8 Quantized,EN,5,L4,24,0.013671875,2.2817403078079224e-07,2.421438694000244e-07,4.731118679046631e-07,6.742775440216064e-07,6.07222318649292e-07,5.841255187988281e-06,1.3113021850585938e-06,8.23289155960083e-07,2.637505531311035e-06,1.2814998626708984e-06
Int8 Quantized,EN,6,L5,it,0.006927490234375,3.516674041748047e-06,3.46451997756958e-07,5.424022674560547e-06,1.1408701539039612e-07,6.780028343200684e-07,1.6689300537109375e-05,1.4379620552062988e-06,9.685754776000977e-07,1.646578311920166e-06,2.5890767574310303e-07
Int8 Quantized,EN,7,L6,162,0.003204345703125,7.413327693939209e-07,2.868473529815674e-07,2.7120113372802734e-06,2.421438694000244e-07,5.885958671569824e-07,2.637505531311035e-06,1.4081597328186035e-06,3.0174851417541504e-07,5.3551048040390015e-08,2.477318048477173e-07
Int8 Quantized,EN,8,L7,05,0.0189208984375,1.7881393432617188e-06,3.073364496231079e-07,3.546476364135742e-06,2.8312206268310547e-07,1.6540288925170898e-06,1.8030405044555664e-06,5.155801773071289e-06,8.866190910339355e-07,3.594905138015747e-07,1.6205012798309326e-07
Int8 Quantized,EN,9,L8,jab,0.00323486328125,4.9114227294921875e-05,1.4528632164001465e-06,5.781650543212891e-06,3.073364496231079e-07,4.351139068603516e-06,4.827976226806641e-06,1.7762184143066406e-05,2.4330802261829376e-08,1.8719583749771118e-07,1.6577541828155518e-07
Int8 Quantized,EN,10,L9,07,0.0086669921875,3.910064697265625e-05,1.7229467630386353e-07,9.417533874511719e-06,2.3562461137771606e-07,1.8924474716186523e-06,4.4405460357666016e-06,1.704692840576172e-05,1.8700957298278809e-06,1.778826117515564e-07,2.8870999813079834e-07
Int8 Quantized,EN,11,L10,09,0.0198974609375,1.780688762664795e-06,1.5366822481155396e-07,1.1175870895385742e-06,6.984919309616089e-08,4.917383193969727e-07,2.250075340270996e-06,1.5497207641601562e-05,4.649162292480469e-06,1.6298145055770874e-07,7.040798664093018e-07
Int8 Quantized,EN,12,L11, em,0.0216064453125,5.811452865600586e-06,1.0011717677116394e-07,2.5033950805664062e-06,3.748573362827301e-08,1.0356307029724121e-06,4.5299530029296875e-06,2.8133392333984375e-05,1.233816146850586e-05,5.304813385009766e-06,4.991888999938965e-07
Int8 Quantized,EN,13,L12,ation,0.060546875,3.6954879760742188e-06,2.491287887096405e-08,8.009374141693115e-07,8.66129994392395e-08,6.146728992462158e-07,1.6540288925170898e-06,6.198883056640625e-06,4.410743713378906e-06,1.0073184967041016e-05,2.253800630569458e-07
Int8 Quantized,EN,14,L13,it,0.004058837890625,3.5315752029418945e-06,1.6670674085617065e-07,3.4086406230926514e-07,4.600733518600464e-07,6.51925802230835e-07,1.9073486328125e-06,4.0531158447265625e-05,3.3974647521972656e-06,1.6298145055770874e-07,1.5739351511001587e-07
Int8 Quantized,EN,15,L14,it,0.08203125,4.470348358154297e-07,6.472691893577576e-08,1.3783574104309082e-07,1.043081283569336e-07,3.3155083656311035e-07,4.082918167114258e-06,7.510185241699219e-06,5.459785461425781e-05,1.6540288925170898e-06,6.379559636116028e-08
Int8 Quantized,EN,16,L15,it,0.00726318359375,3.334134817123413e-07,1.1408701539039612e-07,3.7066638469696045e-07,4.7497451305389404e-07,1.2367963790893555e-06,8.761882781982422e-06,4.76837158203125e-06,1.1265277862548828e-05,7.729977369308472e-08,3.585591912269592e-08
Int8 Quantized,EN,17,L16,born,0.00360107421875,1.8835067749023438e-05,4.470348358154297e-06,4.414469003677368e-07,6.616115570068359e-06,1.5795230865478516e-06,2.3126602172851562e-05,1.0788440704345703e-05,5.632638931274414e-06,3.958120942115784e-09,6.612390279769897e-08
Int8 Quantized,EN,18,L17,itaj,0.00689697265625,1.1688098311424255e-07,3.904104232788086e-06,1.691281795501709e-06,3.6716461181640625e-05,2.816319465637207e-06,1.3262033462524414e-06,7.390975952148438e-05,1.2278556823730469e-05,1.3737007975578308e-08,2.3189932107925415e-07
Int8 Quantized,EN,19,L18,itaj,0.0062255859375,8.791685104370117e-07,5.3942203521728516e-06,1.3113021850585938e-06,0.000171661376953125,3.5315752029418945e-06,4.377216100692749e-07,5.650520324707031e-05,3.647804260253906e-05,1.6530975699424744e-08,8.605420589447021e-07
Int8 Quantized,EN,20,L19,ترین,0.006103515625,9.164214134216309e-07,3.6716461181640625e-05,2.562999725341797e-06,9.107589721679688e-05,9.611248970031738e-07,1.648440957069397e-07,0.000202178955078125,3.129243850708008e-06,1.7113052308559418e-08,1.4826655387878418e-06
Int8 Quantized,EN,21,L20,ترین,0.003509521484375,3.050081431865692e-08,1.1086463928222656e-05,7.264316082000732e-07,3.910064697265625e-05,1.8030405044555664e-06,8.800998330116272e-08,3.504753112792969e-05,2.8759241104125977e-06,3.183231456205249e-10,5.066394805908203e-07
Int8 Quantized,EN,22,L21,νομ,0.010009765625,7.799826562404633e-09,0.00018596649169921875,4.1350722312927246e-07,0.000400543212890625,1.0654330253601074e-06,1.2200325727462769e-07,0.000453948974609375,4.863739013671875e-05,1.6880221664905548e-09,3.382563591003418e-06
Int8 Quantized,EN,23,L22, none,0.002105712890625,1.648440957069397e-07,5.9604644775390625e-05,1.1205673217773438e-05,0.000308990478515625,8.165836334228516e-06,3.0919909477233887e-07,0.00012493133544921875,0.0015411376953125,4.773028194904327e-09,8.702278137207031e-06
Int8 Quantized,EN,24,L23,**,0.005279541015625,9.546056389808655e-08,0.00011301040649414062,9.059906005859375e-05,0.0004749298095703125,5.507469177246094e-05,1.773238182067871e-06,0.0001010894775390625,0.005279541015625,4.209578037261963e-07,1.9431114196777344e-05
Int8 Quantized,EN,25,L24, egy,0.126953125,5.4424162954092026e-09,6.818771362304688e-05,0.0024871826171875,0.00030517578125,0.000885009765625,3.3229589462280273e-06,6.198883056640625e-05,0.0004444122314453125,1.4319084584712982e-08,1.4543533325195312e-05
Int8 Quantized,EN,26,L25, egy,0.08447265625,6.705522537231445e-08,8.296966552734375e-05,0.00131988525390625,9.584426879882812e-05,0.000644683837890625,5.245208740234375e-06,0.00011348724365234375,0.00506591796875,1.0058283805847168e-07,2.3126602172851562e-05
Int8 Quantized,EN,27,L26, egy,0.11181640625,1.6577541828155518e-07,0.00019073486328125,0.00102996826171875,0.00010728836059570312,0.000518798828125,6.467103958129883e-06,0.00015354156494140625,0.01611328125,2.3469328880310059e-07,4.673004150390625e-05
Int8 Quantized,EN,28,L27, egy,0.484375,1.9650906324386597e-07,0.00011539459228515625,0.00124359130859375,1.1086463928222656e-05,0.00058746337890625,2.1338462829589844e-05,2.6941299438476562e-05,0.21484375,5.662441253662109e-06,2.574920654296875e-05
Int8 Quantized,EN,29,L28, egy,0.58984375,2.0605511963367462e-08,8.046627044677734e-06,0.002410888671875,5.923211574554443e-07,0.00067138671875,0.00013637542724609375,1.0848045349121094e-05,0.0074462890625,5.587935447692871e-07,2.7418136596679688e-06
Int8 Quantized,EN,30,L29, egy,0.490234375,2.9103830456733704e-08,4.291534423828125e-05,0.00579833984375,1.8551945686340332e-06,0.00041961669921875,0.00016498565673828125,4.1484832763671875e-05,0.000888824462890625,1.471489667892456e-07,4.112720489501953e-06
Int8 Quantized,EN,31,L30, egy,0.70703125,9.371433407068253e-09,4.982948303222656e-05,0.0025634765625,4.209578037261963e-07,0.00057220458984375,0.00011587142944335938,1.5735626220703125e-05,0.006134033203125,1.0058283805847168e-07,6.742775440216064e-07
Int8 Quantized,EN,32,L31, egy,0.416015625,3.6670826375484467e-09,2.658367156982422e-05,0.00066375732421875,3.91155481338501e-08,0.000179290771484375,0.000244140625,9.47713851928711e-06,0.06787109375,7.35744833946228e-08,5.662441253662109e-07
Int8 Quantized,EN,33,L32, **,0.287109375,1.1082738637924194e-07,1.5497207641601562e-05,0.00070953369140625,1.0570511221885681e-07,0.0002384185791015625,0.0010986328125,4.839897155761719e-05,0.10546875,2.0489096641540527e-07,4.842877388000488e-07
Int8 Quantized,EN,34,L33,**,0.6640625,0.000732421875,9.126961231231689e-07,0.003082275390625,8.940696716308594e-08,0.0002689361572265625,0.002899169921875,7.18235969543457e-06,0.6640625,9.834766387939453e-07,1.0756775736808777e-07
Int8 Quantized,EN,35,L34,C,0.6171875,0.6171875,1.8742866814136505e-08,0.00015163421630859375,1.548323780298233e-08,5.513429641723633e-06,0.0025177001953125,1.341104507446289e-07,0.330078125,2.86102294921875e-06,2.153683453798294e-08
Int8 Quantized,EN,36,L35,C,0.55078125,0.55078125,3.655441105365753e-08,0.2294921875,3.550667315721512e-09,5.2928924560546875e-05,0.06982421875,8.66129994392395e-08,0.03759765625,2.250075340270996e-06,2.0302832126617432e-07
Int8 Quantized,MSA,0,embed,<|START_RESPONSE|>,1.0,2.8287096058187527e-34,1.545430450278218e-13,2.795208725939191e-20,7.283063041541027e-14,2.1610093502947848e-23,1.1965442210392307e-26,5.0182080713057076e-14,0.0,0.0,5.161607022330893e-21
Int8 Quantized,MSA,1,L0,inc,0.003143310546875,7.68899917602539e-06,7.636845111846924e-08,3.2335519790649414e-06,2.339482307434082e-06,1.430511474609375e-06,1.9073486328125e-06,1.0207295417785645e-06,3.2782554626464844e-07,1.0360963642597198e-08,2.8759241104125977e-06
Int8 Quantized,MSA,2,L1,500,0.015869140625,0.00028228759765625,1.8533319234848022e-07,2.4139881134033203e-06,4.32133674621582e-06,7.748603820800781e-07,3.769993782043457e-06,5.997717380523682e-07,8.106231689453125e-06,5.401670932769775e-07,2.592802047729492e-06
Int8 Quantized,MSA,3,L2,25,0.0302734375,2.6702880859375e-05,1.1362135410308838e-07,4.600733518600464e-07,1.1995434761047363e-06,7.115304470062256e-07,2.771615982055664e-06,4.6938657760620117e-07,1.5497207641601562e-05,1.6838312149047852e-06,1.5720725059509277e-06
Int8 Quantized,MSA,4,L3,14,0.0390625,4.082918167114258e-06,4.44706529378891e-08,2.0023435354232788e-07,7.934868335723877e-07,8.009374141693115e-07,3.5315752029418945e-06,2.775341272354126e-07,1.6570091247558594e-05,1.1444091796875e-05,8.828938007354736e-07
Int8 Quantized,MSA,5,L4,4,0.0233154296875,8.121132850646973e-07,1.735985279083252e-06,4.731118679046631e-07,4.380941390991211e-06,9.015202522277832e-07,6.586313247680664e-06,4.1425228118896484e-06,1.1563301086425781e-05,2.7298927307128906e-05,2.5480985641479492e-06
Int8 Quantized,MSA,6,L5,it,0.028076171875,7.331371307373047e-06,2.682209014892578e-06,2.9653310775756836e-06,8.977949619293213e-07,1.1846423149108887e-06,2.944469451904297e-05,2.3096799850463867e-06,1.8477439880371094e-05,3.9577484130859375e-05,1.080334186553955e-06
Int8 Quantized,MSA,7,L6,005,0.004913330078125,2.816319465637207e-06,2.9355287551879883e-06,2.473592758178711e-06,2.5331974029541016e-06,1.4603137969970703e-06,3.7550926208496094e-06,3.0994415283203125e-06,5.453824996948242e-06,5.0067901611328125e-06,1.4379620552062988e-06
Int8 Quantized,MSA,8,L7,4,0.02880859375,5.543231964111328e-06,2.995133399963379e-06,1.8700957298278809e-06,2.0265579223632812e-06,2.9802322387695312e-06,2.294778823852539e-06,1.6450881958007812e-05,5.841255187988281e-06,8.404254913330078e-06,5.252659320831299e-07
Int8 Quantized,MSA,9,L8,Dec,0.0079345703125,0.0001983642578125,5.066394805908203e-06,4.112720489501953e-06,2.1010637283325195e-06,8.344650268554688e-06,6.198883056640625e-06,3.1948089599609375e-05,2.812594175338745e-07,7.361173629760742e-06,1.993030309677124e-07
Int8 Quantized,MSA,10,L9,19,0.1259765625,6.341934204101562e-05,6.007030606269836e-08,1.3113021850585938e-06,5.51808625459671e-08,3.259629011154175e-07,3.0994415283203125e-06,1.7955899238586426e-06,5.185604095458984e-06,3.1478703022003174e-07,6.51925802230835e-08
Int8 Quantized,MSA,11,L10,23,0.04931640625,8.605420589447021e-07,4.917383193969727e-07,7.82310962677002e-07,1.4994293451309204e-07,3.5390257835388184e-07,1.2740492820739746e-06,1.150369644165039e-05,5.900859832763672e-06,1.9371509552001953e-07,4.731118679046631e-07
Int8 Quantized,MSA,12,L11, answer,0.01470947265625,2.8759241104125977e-06,6.891787052154541e-07,3.1888484954833984e-06,1.9744038581848145e-07,6.258487701416016e-07,7.62939453125e-06,4.0531158447265625e-05,7.510185241699219e-06,5.036592483520508e-06,4.600733518600464e-07
Int8 Quantized,MSA,13,L12,if,0.023681640625,1.952052116394043e-06,2.1979212760925293e-07,6.92903995513916e-07,3.501772880554199e-07,6.370246410369873e-07,1.2442469596862793e-06,5.453824996948242e-06,4.887580871582031e-06,8.285045623779297e-06,2.0489096641540527e-07
Int8 Quantized,MSA,14,L13,it,0.00592041015625,5.125999450683594e-06,1.5124678611755371e-06,6.444752216339111e-07,2.1457672119140625e-06,9.760260581970215e-07,1.6316771507263184e-06,8.726119995117188e-05,5.245208740234375e-06,2.337619662284851e-07,1.1920928955078125e-07
Int8 Quantized,MSA,15,L14,it,0.04248046875,2.123415470123291e-07,3.2223761081695557e-07,2.2910535335540771e-07,1.087784767150879e-06,8.195638656616211e-07,1.7136335372924805e-06,2.8252601623535156e-05,3.981590270996094e-05,7.37607479095459e-07,5.681067705154419e-08
Int8 Quantized,MSA,16,L15,it,0.0079345703125,4.2282044887542725e-07,6.183981895446777e-07,6.854534149169922e-07,2.384185791015625e-06,2.294778823852539e-06,7.12275505065918e-06,1.609325408935547e-05,5.304813385009766e-06,3.4691765904426575e-08,3.096647560596466e-08
Int8 Quantized,MSA,17,L16, rätt,0.00396728515625,4.0531158447265625e-06,4.076957702636719e-05,6.631016731262207e-07,3.1948089599609375e-05,3.0100345611572266e-06,1.1205673217773438e-05,2.0503997802734375e-05,2.7120113372802734e-06,1.2150849215686321e-09,4.7031790018081665e-08
Int8 Quantized,MSA,18,L17, شم,0.00494384765625,2.421438694000244e-07,2.6345252990722656e-05,1.55717134475708e-06,9.34600830078125e-05,2.8312206268310547e-06,1.4901161193847656e-06,0.00013637542724609375,3.6507844924926758e-06,5.774199962615967e-08,3.5390257835388184e-07
Int8 Quantized,MSA,19,L18,架,0.004486083984375,3.1441450119018555e-06,2.753734588623047e-05,1.1771917343139648e-06,0.0002307891845703125,2.8461217880249023e-06,6.891787052154541e-07,9.441375732421875e-05,1.5854835510253906e-05,4.400499165058136e-08,1.3560056686401367e-06
Int8 Quantized,MSA,20,L19,요,0.004058837890625,7.115304470062256e-07,0.00010013580322265625,1.8551945686340332e-06,0.00018978118896484375,1.043081283569336e-06,2.0582228899002075e-07,0.00017261505126953125,7.748603820800781e-07,2.270098775625229e-08,2.0116567611694336e-06
Int8 Quantized,MSA,21,L20,νομ,0.00567626953125,2.2584572434425354e-08,4.267692565917969e-05,4.675239324569702e-07,9.059906005859375e-05,2.041459083557129e-06,1.4062970876693726e-07,3.218650817871094e-05,9.760260581970215e-07,1.7189449863508344e-10,8.009374141693115e-07
Int8 Quantized,MSA,22,L21,νομ,0.00836181640625,8.09086486697197e-09,0.000728607177734375,4.153698682785034e-07,0.00087738037109375,1.6689300537109375e-06,2.0954757928848267e-07,0.000621795654296875,1.4007091522216797e-05,1.4115357771515846e-09,5.0961971282958984e-06
Int8 Quantized,MSA,23,L22, nowhere,0.0067138671875,3.026798367500305e-08,0.0003910064697265625,6.079673767089844e-06,0.000728607177734375,1.537799835205078e-05,3.6694109439849854e-07,0.00012683868408203125,0.0016937255859375,2.6338966563344e-09,1.6689300537109375e-05
Int8 Quantized,MSA,24,L23,565,0.01116943359375,8.498318493366241e-09,0.0011444091796875,2.0742416381835938e-05,0.00160980224609375,9.250640869140625e-05,2.7865171432495117e-06,7.43865966796875e-05,0.002655029296875,6.658956408500671e-08,2.86102294921875e-05
Int8 Quantized,MSA,25,L24, egy,0.0128173828125,1.3460521586239338e-10,0.0012359619140625,0.0001277923583984375,0.0012359619140625,0.00077056884765625,1.8924474716186523e-06,6.532669067382812e-05,0.00010442733764648438,3.4633558243513107e-09,4.553794860839844e-05
Int8 Quantized,MSA,26,L25,ِ,0.004669189453125,9.531504474580288e-10,0.0026702880859375,0.00011920928955078125,0.00045013427734375,0.000385284423828125,3.293156623840332e-06,0.0001373291015625,0.000652313232421875,6.6356733441352844e-09,4.38690185546875e-05
Int8 Quantized,MSA,27,L26, egy,0.0091552734375,6.315531209111214e-09,0.008056640625,0.0001811981201171875,0.00058746337890625,0.0004711151123046875,5.7220458984375e-06,0.00018978118896484375,0.0078125,3.632158041000366e-08,6.389617919921875e-05
Int8 Quantized,MSA,28,L27, egy,0.052978515625,2.735760062932968e-09,0.00982666015625,0.00015354156494140625,0.000278472900390625,0.0026397705078125,2.467632293701172e-05,3.695487976074219e-05,0.026611328125,1.7695128917694092e-07,4.673004150390625e-05
Int8 Quantized,MSA,29,L28, egy,0.0615234375,5.347828846424818e-10,0.0021820068359375,0.00025177001953125,6.151199340820312e-05,0.004608154296875,0.0002593994140625,5.125999450683594e-05,0.0030670166015625,1.8277205526828766e-08,1.233816146850586e-05
Int8 Quantized,MSA,30,L29, egy,0.06787109375,1.0986695997416973e-09,0.01043701171875,0.0002689361572265625,0.0001964569091796875,0.004608154296875,0.00019073486328125,8.20159912109375e-05,0.0004425048828125,8.149072527885437e-09,2.5391578674316406e-05
Int8 Quantized,MSA,31,L30, egy,0.08447265625,1.5279510989785194e-10,0.031005859375,0.0001049041748046875,0.000499725341796875,0.00537109375,8.440017700195312e-05,7.43865966796875e-05,0.000514984130859375,5.0640664994716644e-09,9.59634780883789e-06
Int8 Quantized,MSA,32,L31,ال,0.10546875,3.1377567211166024e-11,0.10546875,2.849102020263672e-05,7.724761962890625e-05,0.0023345947265625,0.00010251998901367188,0.0001125335693359375,0.002197265625,2.735760062932968e-09,4.708766937255859e-06
Int8 Quantized,MSA,33,L32,ال,0.5,2.6193447411060333e-10,0.5,1.2576580047607422e-05,0.0001850128173828125,0.00116729736328125,7.009506225585938e-05,0.00025177001953125,0.00433349609375,5.711626727133989e-10,2.3543834686279297e-06
Int8 Quantized,MSA,34,L33,ال,0.31640625,4.041939973831177e-07,0.31640625,2.3603439331054688e-05,0.00165557861328125,0.0037384033203125,0.0001316070556640625,0.000316619873046875,0.009521484375,5.238689482212067e-10,3.993511199951172e-06
Int8 Quantized,MSA,35,L34,ال,0.52734375,0.00013828277587890625,0.52734375,5.221366882324219e-05,0.008544921875,0.000701904296875,0.0004253387451171875,0.00051116943359375,0.20703125,5.2386894822120667e-08,1.2814998626708984e-05
Int8 Quantized,MSA,36,L35,ال,0.671875,3.266334533691406e-05,0.671875,0.0037689208984375,0.015869140625,0.004547119140625,0.0003604888916015625,0.033447265625,0.033447265625,8.530914783477783e-07,1.7404556274414062e-05
Int8 Quantized,Masri,0,embed,<|START_RESPONSE|>,1.0,2.8287096058187527e-34,1.545430450278218e-13,2.795208725939191e-20,7.283063041541027e-14,2.1610093502947848e-23,1.1965442210392307e-26,5.0182080713057076e-14,0.0,0.0,5.161607022330893e-21
Int8 Quantized,Masri,1,L0,inc,0.003082275390625,5.692243576049805e-06,6.612390279769897e-08,2.8014183044433594e-06,1.646578311920166e-06,1.214444637298584e-06,2.175569534301758e-06,8.903443813323975e-07,2.8870999813079834e-07,4.94765117764473e-09,2.562999725341797e-06
Int8 Quantized,Masri,2,L1,200,0.0186767578125,0.0003414154052734375,1.648440957069397e-07,2.1904706954956055e-06,3.471970558166504e-06,7.674098014831543e-07,3.6656856536865234e-06,5.438923835754395e-07,7.867813110351562e-06,2.6263296604156494e-07,2.2202730178833008e-06
Int8 Quantized,Masri,3,L2,25,0.0245361328125,3.933906555175781e-05,1.0523945093154907e-07,4.0978193283081055e-07,9.387731552124023e-07,7.003545761108398e-07,3.069639205932617e-06,4.246830940246582e-07,1.3589859008789062e-05,7.934868335723877e-07,1.4975666999816895e-06
Int8 Quantized,Masri,4,L3,4,0.0341796875,5.3942203521728516e-06,1.3853423297405243e-08,1.648440957069397e-07,3.203749656677246e-07,4.1909515857696533e-07,1.9222497940063477e-06,1.2479722499847412e-07,4.26173210144043e-06,7.37607479095459e-07,3.371387720108032e-07
Int8 Quantized,Masri,5,L4,4,0.0247802734375,1.3336539268493652e-06,2.130866050720215e-06,8.158385753631592e-07,7.271766662597656e-06,7.413327693939209e-07,8.046627044677734e-06,3.769993782043457e-06,9.238719940185547e-06,3.6507844924926758e-06,1.4826655387878418e-06
Int8 Quantized,Masri,6,L5,it,0.0361328125,1.823902130126953e-05,1.8328428268432617e-06,3.680586814880371e-06,1.0654330253601074e-06,9.611248970031738e-07,1.9431114196777344e-05,2.682209014892578e-06,7.987022399902344e-06,8.881092071533203e-06,8.046627044677734e-07
Int8 Quantized,Masri,7,L6,888,0.004669189453125,1.1742115020751953e-05,2.0265579223632812e-06,2.5033950805664062e-06,3.069639205932617e-06,1.043081283569336e-06,3.6656856536865234e-06,2.2649765014648438e-06,3.039836883544922e-06,2.60770320892334e-06,1.7285346984863281e-06
Int8 Quantized,Masri,8,L7,4,0.1357421875,1.049041748046875e-05,6.966292858123779e-07,1.0356307029724121e-06,1.0132789611816406e-06,1.341104507446289e-06,1.0356307029724121e-06,3.874301910400391e-06,3.7997961044311523e-06,5.125999450683594e-06,4.246830940246582e-07
Int8 Quantized,Masri,9,L8,'re,0.01202392578125,0.00011444091796875,1.6689300537109375e-06,5.424022674560547e-06,1.1026859283447266e-06,5.0961971282958984e-06,5.0961971282958984e-06,1.5497207641601562e-05,1.648440957069397e-07,4.559755325317383e-06,2.1886080503463745e-07
Int8 Quantized,Masri,10,L9,19,0.10009765625,4.0531158447265625e-05,4.586763679981232e-08,1.259148120880127e-06,5.727633833885193e-08,1.9744038581848145e-07,3.0249357223510742e-06,1.5422701835632324e-06,3.427267074584961e-06,1.3504177331924438e-07,5.21540641784668e-08
Int8 Quantized,Masri,11,L10,23,0.051513671875,9.313225746154785e-07,4.302710294723511e-07,1.2740492820739746e-06,2.4400651454925537e-07,2.3469328880310059e-07,1.4081597328186035e-06,1.245737075805664e-05,7.212162017822266e-06,8.940696716308594e-08,4.172325134277344e-07
Int8 Quantized,Masri,12,L11,about,0.01141357421875,3.4570693969726562e-06,7.7858567237854e-07,4.678964614868164e-06,4.544854164123535e-07,6.742775440216064e-07,1.0907649993896484e-05,4.2438507080078125e-05,6.616115570068359e-06,3.427267074584961e-06,6.593763828277588e-07
Int8 Quantized,Masri,13,L12,if,0.03759765625,1.6540288925170898e-06,1.8719583749771118e-07,4.3585896492004395e-07,3.594905138015747e-07,3.6694109439849854e-07,1.080334186553955e-06,5.602836608886719e-06,2.130866050720215e-06,1.7061829566955566e-06,1.1920928955078125e-07
Int8 Quantized,Masri,14,L13,it,0.00836181640625,1.1980533599853516e-05,2.1457672119140625e-06,5.923211574554443e-07,2.2351741790771484e-06,4.5634806156158447e-07,2.4884939193725586e-06,0.0001583099365234375,3.635883331298828e-06,2.1792948246002197e-07,1.0710209608078003e-07
Int8 Quantized,Masri,15,L14,it,0.04248046875,2.421438694000244e-07,2.738088369369507e-07,1.30385160446167e-07,6.07222318649292e-07,4.991888999938965e-07,3.7103891372680664e-06,3.743171691894531e-05,3.528594970703125e-05,1.4454126358032227e-06,4.98257577419281e-08
Int8 Quantized,Masri,16,L15,it,0.0233154296875,4.675239324569702e-07,7.7858567237854e-07,5.364418029785156e-07,2.1904706954956055e-06,1.6689300537109375e-06,1.7642974853515625e-05,2.3365020751953125e-05,6.705522537231445e-06,4.1211023926734924e-08,1.979060471057892e-08
Int8 Quantized,Masri,17,L16,架,0.0040283203125,1.0609626770019531e-05,3.123283386230469e-05,6.780028343200684e-07,3.5762786865234375e-05,2.9802322387695312e-06,2.2411346435546875e-05,2.467632293701172e-05,1.3589859008789062e-05,1.8408172763884068e-09,4.540197551250458e-08
Int8 Quantized,Masri,18,L17, شم,0.006866455078125,1.0728836059570312e-06,2.1219253540039062e-05,1.169741153717041e-06,0.00011444091796875,3.11434268951416e-06,3.382563591003418e-06,0.000171661376953125,1.0013580322265625e-05,1.4528632164001465e-07,3.7997961044311523e-07
Int8 Quantized,Masri,19,L18,架,0.008056640625,5.364418029785156e-06,1.633167266845703e-05,9.909272193908691e-07,0.00014781951904296875,2.562999725341797e-06,9.685754776000977e-07,0.00011157989501953125,2.4080276489257812e-05,7.543712854385376e-08,1.259148120880127e-06
Int8 Quantized,Masri,20,L19, answer,0.006683349609375,1.5497207641601562e-06,7.295608520507812e-05,2.3543834686279297e-06,0.00021457672119140625,9.760260581970215e-07,4.6566128730773926e-07,0.0002079010009765625,1.2069940567016602e-06,8.055940270423889e-08,2.428889274597168e-06
Int8 Quantized,Masri,21,L20,νομ,0.004638671875,5.3318217396736145e-08,3.9577484130859375e-05,4.7497451305389404e-07,0.0001010894775390625,1.5720725059509277e-06,2.076849341392517e-07,3.9577484130859375e-05,9.834766387939453e-07,3.601599019020796e-10,1.0654330253601074e-06
Int8 Quantized,Masri,22,L21,νομ,0.00628662109375,8.09086486697197e-09,0.00116729736328125,4.637986421585083e-07,0.00099945068359375,1.2442469596862793e-06,2.4400651454925537e-07,0.00099945068359375,6.586313247680664e-06,1.2078089639544487e-09,4.1425228118896484e-06
Int8 Quantized,Masri,23,L22,ِ,0.00958251953125,1.2689270079135895e-08,0.00078582763671875,5.245208740234375e-06,0.0006103515625,1.4007091522216797e-05,2.1141022443771362e-07,0.00013637542724609375,0.000263214111328125,1.520675141364336e-09,8.106231689453125e-06
Int8 Quantized,Masri,24,L23,565,0.0128173828125,3.055902197957039e-09,0.001312255859375,2.6106834411621094e-05,0.0012664794921875,0.00010585784912109375,1.817941665649414e-06,6.437301635742188e-05,0.0003414154052734375,2.9802322387695312e-08,1.6570091247558594e-05
Int8 Quantized,Masri,25,L24, egy,0.01531982421875,7.139533408917487e-11,0.00125885009765625,7.009506225585938e-05,0.000949859619140625,0.000614166259765625,1.0281801223754883e-06,5.125999450683594e-05,4.100799560546875e-05,3.65253072232008e-09,2.384185791015625e-05
Int8 Quantized,Masri,26,L25,ِ,0.006591796875,4.765752237290144e-10,0.0033111572265625,9.5367431640625e-05,0.0003719329833984375,0.0003833770751953125,1.8104910850524902e-06,0.00011682510375976562,0.000255584716796875,7.0140231400728226e-09,2.8133392333984375e-05
Int8 Quantized,Masri,27,L26, egy,0.01080322265625,2.648448571562767e-09,0.007171630859375,0.00014400482177734375,0.000537872314453125,0.0005035400390625,3.2633543014526367e-06,0.0001354217529296875,0.0036163330078125,3.771856427192688e-08,3.886222839355469e-05
Int8 Quantized,Masri,28,L27, egy,0.07080078125,1.3897079043090343e-09,0.00848388671875,0.0001373291015625,0.00019931793212890625,0.003326416015625,1.537799835205078e-05,2.2411346435546875e-05,0.00848388671875,1.7043203115463257e-07,2.574920654296875e-05
Int8 Quantized,Masri,29,L28, egy,0.09912109375,4.05634636990726e-10,0.0025482177734375,0.00023746490478515625,7.963180541992188e-05,0.00506591796875,0.0001735687255859375,4.458427429199219e-05,0.00116729736328125,1.83936208486557e-08,7.569789886474609e-06
Int8 Quantized,Masri,30,L29, egy,0.107421875,9.604264050722122e-10,0.013671875,0.0002422332763671875,0.00022792816162109375,0.005035400390625,0.000118255615234375,5.745887756347656e-05,0.0001773834228515625,7.334165275096893e-09,1.5974044799804688e-05
Int8 Quantized,Masri,31,L30, egy,0.1357421875,1.5916157281026244e-10,0.0439453125,0.00011587142944335938,0.0006256103515625,0.006744384765625,6.628036499023438e-05,4.982948303222656e-05,0.0001850128173828125,3.623426891863346e-09,5.781650543212891e-06
Int8 Quantized,Masri,32,L31,ال,0.1376953125,4.3428372009657323e-11,0.1376953125,3.4809112548828125e-05,0.00010061264038085938,0.003448486328125,9.775161743164062e-05,0.00010395050048828125,0.00098419189453125,3.055902197957039e-09,2.771615982055664e-06
Int8 Quantized,Masri,33,L32,ال,0.61328125,3.092281986027956e-10,0.61328125,1.4424324035644531e-05,0.000247955322265625,0.00171661376953125,7.295608520507812e-05,0.00020503997802734375,0.00194549560546875,5.784386303275824e-10,1.0952353477478027e-06
Int8 Quantized,Masri,34,L33,ال,0.462890625,5.140900611877441e-07,0.462890625,3.457069396972656e-05,0.00213623046875,0.006195068359375,0.00015544891357421875,0.000232696533203125,0.0035400390625,4.2382453102618456e-10,1.9222497940063477e-06
Int8 Quantized,Masri,35,L34,ال,0.6953125,0.000247955322265625,0.6953125,5.555152893066406e-05,0.00994873046875,0.000675201416015625,0.00046539306640625,0.0003185272216796875,0.08837890625,4.284083843231201e-08,5.662441253662109e-06
Int8 Quantized,Masri,36,L35,ال,0.72265625,3.504753112792969e-05,0.72265625,0.005523681640625,0.0159912109375,0.00665283203125,0.0003414154052734375,0.028076171875,0.0159912109375,9.387731552124023e-07,1.1026859283447266e-05
Int4 Quantized,EN,0,embed,<|START_RESPONSE|>,1.0,2.8287096058187527e-34,1.545430450278218e-13,2.795208725939191e-20,7.283063041541027e-14,2.1610093502947848e-23,1.1965442210392307e-26,5.0182080713057076e-14,0.0,0.0,5.161607022330893e-21
Int4 Quantized,EN,1,L0,aku,0.005889892578125,2.771615982055664e-06,5.8906152844429016e-08,1.7583370208740234e-06,1.0132789611816406e-06,8.530914783477783e-07,3.7550926208496094e-06,7.674098014831543e-07,1.7601996660232544e-07,2.546585164964199e-09,2.428889274597168e-06
Int4 Quantized,EN,2,L1,200,0.025146484375,0.0001316070556640625,2.682209014892578e-07,1.5497207641601562e-06,3.606081008911133e-06,5.438923835754395e-07,5.811452865600586e-06,6.109476089477539e-07,4.649162292480469e-06,8.335337042808533e-08,2.473592758178711e-06
Int4 Quantized,EN,3,L2,25,0.02685546875,1.9073486328125e-05,1.0617077350616455e-07,2.6635825634002686e-07,6.258487701416016e-07,4.637986421585083e-07,4.798173904418945e-06,4.842877388000488e-07,7.12275505065918e-06,2.7008354663848877e-07,1.4677643775939941e-06
Int4 Quantized,EN,4,L3,200,0.0341796875,1.087784767150879e-06,2.9976945370435715e-09,7.264316082000732e-08,9.313225746154785e-08,2.5704503059387207e-07,1.8775463104248047e-06,1.210719347000122e-07,1.6838312149047852e-06,4.0046870708465576e-07,3.3155083656311035e-07
Int4 Quantized,EN,5,L4,24,0.0172119140625,4.4330954551696777e-07,2.3469328880310059e-07,3.2782554626464844e-07,6.332993507385254e-07,4.2654573917388916e-07,5.424022674560547e-06,1.2442469596862793e-06,1.996755599975586e-06,2.682209014892578e-06,1.259148120880127e-06
Int4 Quantized,EN,6,L5,it,0.020751953125,5.334615707397461e-06,1.955777406692505e-07,4.351139068603516e-06,1.2014061212539673e-07,7.078051567077637e-07,1.8596649169921875e-05,7.897615432739258e-07,9.98377799987793e-07,1.3485550880432129e-06,1.1408701539039612e-07
Int4 Quantized,EN,7,L6,sel,0.006927490234375,1.2516975402832031e-06,1.7136335372924805e-07,2.3990869522094727e-06,1.9185245037078857e-07,5.513429641723633e-07,5.125999450683594e-06,9.611248970031738e-07,1.9185245037078857e-07,5.541369318962097e-08,1.341104507446289e-07
Int4 Quantized,EN,8,L7,05,0.018798828125,1.341104507446289e-06,1.4808028936386108e-07,2.115964889526367e-06,1.9185245037078857e-07,1.0728836059570312e-06,2.3543834686279297e-06,3.933906555175781e-06,1.4156103134155273e-06,4.377216100692749e-07,7.59027898311615e-08
Int4 Quantized,EN,9,L8,Dec,0.003753662109375,0.00010967254638671875,1.9222497940063477e-06,5.3942203521728516e-06,3.9674341678619385e-07,2.726912498474121e-06,5.811452865600586e-06,3.147125244140625e-05,5.029141902923584e-08,2.039596438407898e-07,8.288770914077759e-08
Int4 Quantized,EN,10,L9,09,0.0152587890625,4.4345855712890625e-05,3.501772880554199e-07,8.881092071533203e-06,3.2782554626464844e-07,1.2069940567016602e-06,4.380941390991211e-06,1.7642974853515625e-05,1.9073486328125e-06,1.6763806343078613e-07,2.477318048477173e-07
Int4 Quantized,EN,11,L10,09,0.031005859375,1.2665987014770508e-06,2.942979335784912e-07,1.1026859283447266e-06,5.797483026981354e-08,3.203749656677246e-07,1.8477439880371094e-06,1.537799835205078e-05,4.5299530029296875e-06,1.7415732145309448e-07,7.860362529754639e-07
Int4 Quantized,EN,12,L11, answer,0.01287841796875,3.4123659133911133e-06,3.6135315895080566e-07,2.473592758178711e-06,4.866160452365875e-08,8.754432201385498e-07,7.569789886474609e-06,3.743171691894531e-05,1.52587890625e-05,9.119510650634766e-06,7.934868335723877e-07
Int4 Quantized,EN,13,L12,ation,0.01513671875,3.6954879760742188e-06,1.1594966053962708e-07,1.7881393432617188e-06,1.648440957069397e-07,5.997717380523682e-07,4.6193599700927734e-06,1.043081283569336e-05,2.6226043701171875e-05,8.106231689453125e-06,2.812594175338745e-07
Int4 Quantized,EN,14,L13,cell,0.00174713134765625,1.8477439880371094e-05,3.241002559661865e-07,6.966292858123779e-07,9.201467037200928e-07,7.450580596923828e-07,5.7220458984375e-06,4.0531158447265625e-05,8.761882781982422e-06,2.3469328880310059e-07,1.5925616025924683e-07
Int4 Quantized,EN,15,L14, um,0.0194091796875,3.4831464290618896e-07,3.0919909477233887e-07,3.7439167499542236e-07,3.1851232051849365e-07,7.972121238708496e-07,4.410743713378906e-06,8.225440979003906e-06,9.012222290039062e-05,8.866190910339355e-07,9.73232090473175e-08
Int4 Quantized,EN,16,L15,225,0.0025482177734375,1.0132789611816406e-06,3.46451997756958e-07,9.015202522277832e-07,1.6614794731140137e-06,1.0952353477478027e-06,1.2576580047607422e-05,3.2782554626464844e-06,2.872943878173828e-05,7.636845111846924e-08,3.934837877750397e-08
Int4 Quantized,EN,17,L16,born,0.006195068359375,4.38690185546875e-05,2.3245811462402344e-06,3.8370490074157715e-07,1.4007091522216797e-05,9.5367431640625e-07,2.2292137145996094e-05,3.6507844924926758e-06,2.491474151611328e-05,6.2282197177410126e-09,7.916241884231567e-08
Int4 Quantized,EN,18,L17, incon,0.0084228515625,2.1606683731079102e-07,4.1425228118896484e-06,1.1473894119262695e-06,3.4332275390625e-05,2.16066837310791e-06,1.475214958190918e-06,6.0558319091796875e-05,2.5153160095214844e-05,1.7345882952213287e-08,2.0954757928848267e-07
Int4 Quantized,EN,19,L18, you'll,0.0031890869140625,7.413327693939209e-07,6.079673767089844e-06,8.270144462585449e-07,0.0001239776611328125,2.8312206268310547e-06,3.650784492492676e-07,5.316734313964844e-05,4.553794860839844e-05,1.437729224562645e-08,1.1548399925231934e-06
Int4 Quantized,EN,20,L19, curiosity,0.025634765625,6.370246410369873e-07,4.649162292480469e-05,1.9818544387817383e-06,9.5367431640625e-05,9.424984455108643e-07,1.778826117515564e-07,0.00022125244140625,1.080334186553955e-06,1.8742866814136505e-08,1.9222497940063477e-06
Int4 Quantized,EN,21,L20, curiosity,0.004638671875,5.168840289115906e-08,1.2636184692382812e-05,6.444752216339111e-07,6.103515625e-05,2.428889274597168e-06,1.5459954738616943e-07,2.5510787963867188e-05,2.0116567611694336e-06,4.911271389573812e-10,5.736947059631348e-07
Int4 Quantized,EN,22,L21,νομ,0.005615234375,5.494803190231323e-08,0.00022029876708984375,6.407499313354492e-07,0.00064849853515625,3.129243850708008e-06,4.7497451305389404e-07,0.00029754638671875,3.719329833984375e-05,1.4319084584712982e-08,5.632638931274414e-06
Int4 Quantized,EN,23,L22,**,0.00433349609375,5.848705768585205e-07,7.104873657226562e-05,1.5854835510253906e-05,0.0002117156982421875,2.86102294921875e-05,1.4379620552062988e-06,6.151199340820312e-05,0.00433349609375,8.987262845039368e-08,7.361173629760742e-06
Int4 Quantized,EN,24,L23,**,0.04052734375,6.817281246185303e-07,0.00012683868408203125,9.393692016601562e-05,0.0002803802490234375,0.00011539459228515625,6.586313247680664e-06,3.528594970703125e-05,0.04052734375,9.059906005859375e-06,1.704692840576172e-05
Int4 Quantized,EN,25,L24, egy,0.0654296875,2.0721927285194397e-08,7.534027099609375e-05,0.0029754638671875,0.0001678466796875,0.0016937255859375,8.881092071533203e-06,3.0517578125e-05,0.00689697265625,2.644956111907959e-07,2.491474151611328e-05
Int4 Quantized,EN,26,L25, egy,0.054443359375,9.406358003616333e-08,3.8623809814453125e-05,0.00140380859375,3.790855407714844e-05,0.00106048583984375,7.4803829193115234e-06,5.1021575927734375e-05,0.0478515625,1.8030405044555664e-06,2.9087066650390625e-05
Int4 Quantized,EN,27,L26,**,0.1689453125,2.8870999813079834e-07,8.630752563476562e-05,0.000782012939453125,5.0067901611328125e-05,0.000885009765625,8.821487426757812e-06,6.437301635742188e-05,0.1689453125,4.500150680541992e-06,4.696846008300781e-05
Int4 Quantized,EN,28,L27,**,0.921875,1.6298145055770874e-07,1.1265277862548828e-05,0.00014591217041015625,1.9222497940063477e-06,0.00011730194091796875,1.0251998901367188e-05,3.129243850708008e-06,0.921875,1.6927719116210938e-05,6.854534149169922e-06
Int4 Quantized,EN,29,L28,**,0.341796875,3.6694109439849854e-07,1.0848045349121094e-05,0.002777099609375,1.1995434761047363e-06,0.00109100341796875,0.0003757476806640625,1.436471939086914e-05,0.341796875,2.8967857360839844e-05,9.5367431640625e-06
Int4 Quantized,EN,30,L29, egy,0.42578125,6.109476089477539e-07,4.792213439941406e-05,0.0093994140625,4.0531158447265625e-06,0.001312255859375,0.000499725341796875,5.5789947509765625e-05,0.034912109375,1.3887882232666016e-05,2.372264862060547e-05
Int4 Quantized,EN,31,L30, egy,0.462890625,2.253800630569458e-07,5.221366882324219e-05,0.0040283203125,7.189810276031494e-07,0.0012664794921875,0.0002651214599609375,1.2159347534179688e-05,0.16015625,6.8247318267822266e-06,1.9669532775878906e-06
Int4 Quantized,EN,32,L31, **,0.703125,6.6356733441352844e-09,4.738569259643555e-06,9.202957153320312e-05,8.09086486697197e-09,6.532669067382812e-05,5.9604644775390625e-05,1.0579824447631836e-06,0.2138671875,9.313225746154785e-07,3.5390257835388184e-07
Int4 Quantized,EN,33,L32,**,0.51953125,5.587935447692871e-08,1.9371509552001953e-06,7.486343383789062e-05,1.05355866253376e-08,4.00543212890625e-05,0.0002689361572265625,4.351139068603516e-06,0.51953125,1.3485550880432129e-06,1.5273690223693848e-07
Int4 Quantized,EN,34,L33,**,0.97265625,2.3603439331054688e-05,3.5390257835388184e-08,0.00010585784912109375,2.2992026060819626e-09,1.1146068572998047e-05,0.00018596649169921875,1.9837170839309692e-07,0.97265625,2.4884939193725586e-06,1.3387762010097504e-08
Int4 Quantized,EN,35,L34,**,0.86328125,0.1171875,3.0995579436421394e-09,2.2411346435546875e-05,8.294591680169106e-10,1.1101365089416504e-06,0.000949859619140625,1.8277205526828766e-08,0.86328125,1.9788742065429688e-05,1.1816155165433884e-08
Int4 Quantized,EN,36,L35,C,0.36328125,0.36328125,1.9650906324386597e-07,0.125,7.916241884231567e-09,0.00011444091796875,0.1513671875,3.9301812648773193e-07,0.171875,2.7179718017578125e-05,8.195638656616211e-07
Int4 Quantized,MSA,0,embed,<|START_RESPONSE|>,1.0,2.8287096058187527e-34,1.545430450278218e-13,2.795208725939191e-20,7.283063041541027e-14,2.1610093502947848e-23,1.1965442210392307e-26,5.0182080713057076e-14,0.0,0.0,5.161607022330893e-21
Int4 Quantized,MSA,1,L0,inc,0.00457763671875,5.781650543212891e-06,1.0104849934577942e-07,2.0712614059448242e-06,1.7657876014709473e-06,9.909272193908691e-07,2.086162567138672e-06,1.0654330253601074e-06,6.221234798431396e-07,1.7811544239521027e-08,3.2186508178710938e-06
Int4 Quantized,MSA,2,L1,500,0.0257568359375,0.00016307830810546875,3.03611159324646e-07,1.3783574104309082e-06,4.1425228118896484e-06,5.178153514862061e-07,3.516674041748047e-06,6.07222318649292e-07,1.4662742614746094e-05,4.917383193969727e-07,2.6226043701171875e-06
Int4 Quantized,MSA,3,L2,20,0.038330078125,1.704692840576172e-05,1.30385160446167e-07,2.6635825634002686e-07,9.08970832824707e-07,5.029141902923584e-07,2.7418136596679688e-06,4.76837158203125e-07,1.621246337890625e-05,1.3560056686401367e-06,1.55717134475708e-06
Int4 Quantized,MSA,4,L3,14,0.036865234375,3.933906555175781e-06,3.259629011154175e-08,9.220093488693237e-08,7.152557373046875e-07,4.6566128730773926e-07,3.591179847717285e-06,1.94646418094635e-07,2.0384788513183594e-05,1.1622905731201172e-05,9.08970832824707e-07
Int4 Quantized,MSA,5,L4,4,0.08154296875,7.078051567077637e-07,8.158385753631592e-07,1.7601996660232544e-07,2.6673078536987305e-06,4.302710294723511e-07,3.606081008911133e-06,2.6226043701171875e-06,1.8835067749023438e-05,2.9087066650390625e-05,1.4454126358032227e-06
Int4 Quantized,MSA,6,L5,it,0.0771484375,5.751848220825195e-06,1.087784767150879e-06,1.8551945686340332e-06,4.731118679046631e-07,8.791685104370117e-07,2.0384788513183594e-05,1.0281801223754883e-06,1.519918441772461e-05,3.0159950256347656e-05,5.140900611877441e-07
Int4 Quantized,MSA,7,L6,4,0.007537841796875,1.4081597328186035e-06,8.23289155960083e-07,1.6987323760986328e-06,7.264316082000732e-07,9.08970832824707e-07,2.652406692504883e-06,1.4007091522216797e-06,2.995133399963379e-06,4.6193599700927734e-06,7.748603820800781e-07
Int4 Quantized,MSA,8,L7,4,0.0390625,2.3543834686279297e-06,9.5367431640625e-07,1.2218952178955078e-06,8.456408977508545e-07,1.4454126358032227e-06,1.5422701835632324e-06,1.233816146850586e-05,1.33514404296875e-05,1.2159347534179688e-05,3.203749656677246e-07
Int4 Quantized,MSA,9,L8,Dec,0.0120849609375,0.000438690185546875,4.500150680541992e-06,4.4405460357666016e-06,1.4677643775939941e-06,4.589557647705078e-06,5.185604095458984e-06,4.76837158203125e-05,6.295740604400635e-07,9.238719940185547e-06,1.1641532182693481e-07
Int4 Quantized,MSA,10,L9,19,0.103515625,3.266334533691406e-05,1.30385160446167e-07,1.6540288925170898e-06,5.005858838558197e-08,1.825392246246338e-07,2.518296241760254e-06,1.601874828338623e-06,9.655952453613281e-06,2.253800630569458e-07,6.100162863731384e-08
Int4 Quantized,MSA,11,L10,23,0.08935546875,7.152557373046875e-07,7.487833499908447e-07,9.350478649139404e-07,1.2200325727462769e-07,1.648440957069397e-07,1.169741153717041e-06,7.331371307373047e-06,5.543231964111328e-06,1.8905848264694214e-07,4.917383193969727e-07
Int4 Quantized,MSA,12,L11,11,0.017333984375,2.16066837310791e-06,2.6673078536987305e-06,5.304813385009766e-06,3.3155083656311035e-07,4.4889748096466064e-07,1.233816146850586e-05,6.079673767089844e-05,1.1980533599853516e-05,1.4901161193847656e-05,1.2069940567016602e-06
Int4 Quantized,MSA,13,L12,sch,0.015869140625,1.5720725059509277e-06,9.387731552124023e-07,1.3336539268493652e-06,4.6193599700927734e-07,4.172325134277344e-07,2.771615982055664e-06,1.2516975402832031e-05,3.0040740966796875e-05,7.152557373046875e-06,2.2817403078079224e-07
Int4 Quantized,MSA,14,L13,While,0.007537841796875,1.4960765838623047e-05,3.5315752029418945e-06,1.6242265701293945e-06,5.21540641784668e-06,9.611248970031738e-07,4.410743713378906e-06,0.00015163421630859375,2.014636993408203e-05,4.3958425521850586e-07,8.66129994392395e-08
Int4 Quantized,MSA,15,L14, yes,0.00579833984375,9.639188647270203e-08,1.1399388313293457e-06,4.4517219066619873e-07,2.0563602447509766e-06,1.341104507446289e-06,1.1175870895385742e-06,3.147125244140625e-05,4.57763671875e-05,3.9674341678619385e-07,7.264316082000732e-08
Int4 Quantized,MSA,16,L15, rätt,0.00469970703125,9.08970832824707e-07,1.9818544387817383e-06,1.2069940567016602e-06,7.033348083496094e-06,1.8253922462463379e-06,7.152557373046875e-06,1.0907649993896484e-05,1.537799835205078e-05,5.820766091346741e-08,4.6798959374427795e-08
Int4 Quantized,MSA,17,L16, rätt,0.0048828125,1.4841556549072266e-05,2.6464462280273438e-05,5.62518835067749e-07,3.62396240234375e-05,2.6673078536987305e-06,5.066394805908203e-06,1.1026859283447266e-05,1.633167266845703e-05,3.812601789832115e-09,6.798654794692993e-08
Int4 Quantized,MSA,18,L17, incon,0.006195068359375,8.270144462585449e-07,1.8835067749023438e-05,1.2665987014770508e-06,4.8160552978515625e-05,3.203749656677246e-06,1.0207295417785645e-06,0.00017547607421875,2.0742416381835938e-05,8.568167686462402e-08,3.241002559661865e-07
Int4 Quantized,MSA,19,L18, you'll,0.00543212890625,6.8247318267822266e-06,2.5153160095214844e-05,8.940696716308594e-07,9.679794311523438e-05,2.3543834686279297e-06,3.91155481338501e-07,0.00014019012451171875,4.792213439941406e-05,6.658956408500671e-08,1.6987323760986328e-06
Int4 Quantized,MSA,20,L19, answer,0.004913330078125,2.115964889526367e-06,0.0001678466796875,2.4884939193725586e-06,0.00020885467529296875,1.1473894119262695e-06,2.3748725652694702e-07,0.0004425048828125,1.0207295417785645e-06,2.7474015951156616e-08,2.86102294921875e-06
Int4 Quantized,MSA,21,L20,νομ,0.003997802734375,1.3131648302078247e-07,5.7220458984375e-05,6.92903995513916e-07,0.0002193450927734375,2.473592758178711e-06,2.337619662284851e-07,4.124641418457031e-05,1.5720725059509277e-06,1.6552803572267294e-10,4.880130290985107e-07
Int4 Quantized,MSA,22,L21,الع,0.005218505859375,9.266659617424011e-08,0.00080108642578125,6.966292858123779e-07,0.00116729736328125,4.9173831939697266e-06,5.103647708892822e-07,0.00022220611572265625,2.384185791015625e-05,4.627509042620659e-09,5.602836608886719e-06
Int4 Quantized,MSA,23,L22,**,0.01458740234375,1.3224780559539795e-07,0.0003662109375,7.241964340209961e-06,0.0004024505615234375,5.53131103515625e-05,7.860362529754639e-07,3.3855438232421875e-05,0.01458740234375,3.003515303134918e-08,7.987022399902344e-06
Int4 Quantized,MSA,24,L23,**,0.05712890625,6.938353180885315e-08,0.001190185546875,2.5033950805664062e-05,0.00101470947265625,0.00023365020751953125,5.185604095458984e-06,2.7894973754882812e-05,0.05712890625,1.2516975402832031e-06,2.014636993408203e-05
Int4 Quantized,MSA,25,L24, egy,0.0162353515625,8.62200977280736e-10,0.00146484375,0.00015926361083984375,0.000972747802734375,0.0018157958984375,3.4570693969726562e-06,3.4332275390625e-05,0.0023345947265625,5.9371814131736755e-08,7.390975952148438e-05
Int4 Quantized,MSA,26,L25,**,0.0111083984375,1.7680577002465725e-09,0.0024871826171875,0.0001316070556640625,0.0004444122314453125,0.000690460205078125,6.139278411865234e-06,0.00010585784912109375,0.0111083984375,1.6391277313232422e-07,6.818771362304688e-05
Int4 Quantized,MSA,27,L26,**,0.0966796875,1.123407855629921e-08,0.006591796875,0.00016021728515625,0.00054168701171875,0.00125885009765625,5.245208740234375e-06,9.5367431640625e-05,0.0966796875,1.6838312149047852e-06,8.821487426757812e-05
Int4 Quantized,MSA,28,L27,**,0.6640625,8.149072527885437e-09,0.002044677734375,6.818771362304688e-05,9.584426879882812e-05,0.0021820068359375,2.0742416381835938e-05,8.404254913330078e-06,0.6640625,2.1904706954956055e-06,2.7060508728027344e-05
Int4 Quantized,MSA,29,L28,**,0.1845703125,4.511093720793724e-09,0.00113677978515625,0.0003147125244140625,4.9114227294921875e-05,0.00921630859375,0.000278472900390625,3.528594970703125e-05,0.1845703125,9.387731552124023e-07,1.7762184143066406e-05
Int4 Quantized,MSA,30,L29, ل,0.06591796875,1.1816155165433884e-08,0.00738525390625,0.0003147125244140625,0.0001678466796875,0.01141357421875,0.0001964569091796875,7.486343383789062e-05,0.018798828125,3.594905138015747e-07,3.314018249511719e-05
Int4 Quantized,MSA,31,L30, egy,0.08349609375,2.954038791358471e-09,0.02880859375,0.00018215179443359375,0.00048065185546875,0.0106201171875,0.00011396408081054688,6.914138793945312e-05,0.03466796875,2.905726432800293e-07,9.357929229736328e-06
Int4 Quantized,MSA,32,L31, **,0.5625,1.0822986951097846e-10,0.055908203125,1.704692840576172e-05,4.100799560546875e-05,0.002166748046875,4.100799560546875e-05,4.935264587402344e-05,0.04638671875,4.423782229423523e-08,2.9653310775756836e-06
Int4 Quantized,MSA,33,L32,ال,0.373046875,1.1568772606551647e-09,0.373046875,1.6450881958007812e-05,0.0001506805419921875,0.0013427734375,7.152557373046875e-05,0.00018215179443359375,0.2734375,1.146690919995308e-08,1.3262033462524414e-06
Int4 Quantized,MSA,34,L33,**,0.62109375,1.5925616025924683e-07,0.15625,1.990795135498047e-05,0.00087738037109375,0.002105712890625,8.678436279296875e-05,9.822845458984375e-05,0.62109375,7.799826562404633e-09,1.7136335372924805e-06
Int4 Quantized,MSA,35,L34,**,0.84765625,3.838539123535156e-05,0.09521484375,1.990795135498047e-05,0.00077056884765625,0.00022125244140625,0.00019550323486328125,9.202957153320312e-05,0.84765625,7.404014468193054e-08,2.4586915969848633e-06
Int4 Quantized,MSA,36,L35,ال,0.5390625,2.086162567138672e-05,0.5390625,0.004119873046875,0.004638671875,0.004364013671875,0.00067138671875,0.04150390625,0.224609375,1.1101365089416504e-06,1.1920928955078125e-05
Int4 Quantized,Masri,0,embed,<|START_RESPONSE|>,1.0,2.8287096058187527e-34,1.545430450278218e-13,2.795208725939191e-20,7.283063041541027e-14,2.1610093502947848e-23,1.1965442210392307e-26,5.0182080713057076e-14,0.0,0.0,5.161607022330893e-21
Int4 Quantized,Masri,1,L0,aku,0.004974365234375,4.202127456665039e-06,8.42846930027008e-08,1.6987323760986328e-06,1.1101365089416504e-06,8.083879947662354e-07,2.339482307434082e-06,9.052455425262451e-07,5.699694156646729e-07,8.498318493366241e-09,2.86102294921875e-06
Int4 Quantized,Masri,2,L1,200,0.0277099609375,0.00018596649169921875,2.5704503059387207e-07,1.1920928955078125e-06,3.084540367126465e-06,4.842877388000488e-07,3.337860107421875e-06,5.438923835754395e-07,1.3113021850585938e-05,2.2724270820617676e-07,2.205371856689453e-06
Int4 Quantized,Masri,3,L2,20,0.0341796875,2.6702880859375e-05,1.1688098311424255e-07,2.2165477275848389e-07,6.556510925292969e-07,4.6566128730773926e-07,3.084540367126465e-06,4.2654573917388916e-07,1.2576580047607422e-05,5.513429641723633e-07,1.4230608940124512e-06
Int4 Quantized,Masri,4,L3,4,0.039794921875,6.616115570068359e-06,1.1117663234472275e-08,8.475035429000854e-08,3.0547380447387695e-07,2.514570951461792e-07,2.518296241760254e-06,9.825453162193298e-08,5.245208740234375e-06,7.040798664093018e-07,3.129243850708008e-07
Int4 Quantized,Masri,5,L4,4,0.08642578125,1.8775463104248047e-06,8.67992639541626e-07,2.9616057872772217e-07,3.0547380447387695e-06,3.91155481338501e-07,5.185604095458984e-06,2.250075340270996e-06,1.6450881958007812e-05,3.3974647521972656e-06,7.487833499908447e-07
Int4 Quantized,Masri,6,L5,it,0.07080078125,2.384185791015625e-05,1.1995434761047363e-06,2.428889274597168e-06,7.711350917816162e-07,9.424984455108643e-07,1.4424324035644531e-05,1.9818544387817383e-06,8.225440979003906e-06,6.407499313354492e-06,4.246830940246582e-07
Int4 Quantized,Masri,7,L6,he,0.01953125,9.5367431640625e-06,6.51925802230835e-07,1.4901161193847656e-06,8.158385753631592e-07,7.82310962677002e-07,2.5779008865356445e-06,1.4156103134155273e-06,2.7865171432495117e-06,2.3096799850463867e-06,8.158385753631592e-07
Int4 Quantized,Masri,8,L7,4,0.1875,2.562999725341797e-06,1.019798219203949e-07,3.0919909477233887e-07,1.6763806343078613e-07,4.4889748096466064e-07,3.073364496231079e-07,1.430511474609375e-06,4.76837158203125e-06,2.682209014892578e-06,1.1129304766654968e-07
Int4 Quantized,Masri,9,L8,try,0.023681640625,0.000186920166015625,1.7285346984863281e-06,5.036592483520508e-06,1.0728836059570312e-06,3.4123659133911133e-06,5.125999450683594e-06,2.9087066650390625e-05,2.5704503059387207e-07,3.3676624298095703e-06,1.6763806343078613e-07
Int4 Quantized,Masri,10,L9,19,0.08203125,1.1146068572998047e-05,1.2945383787155151e-07,1.1026859283447266e-06,5.21540641784668e-08,1.471489667892456e-07,2.637505531311035e-06,1.55717134475708e-06,5.9604644775390625e-06,1.2479722499847412e-07,6.51925802230835e-08
Int4 Quantized,Masri,11,L10,23,0.08447265625,1.1175870895385742e-06,8.083879947662354e-07,1.5497207641601562e-06,1.8533319234848022e-07,1.4062970876693726e-07,1.6242265701293945e-06,1.0073184967041016e-05,4.351139068603516e-06,1.1222437024116516e-07,4.7497451305389404e-07
Int4 Quantized,Masri,12,L11,about,0.01263427734375,2.682209014892578e-06,2.816319465637207e-06,8.046627044677734e-06,6.221234798431396e-07,4.991888999938965e-07,1.6689300537109375e-05,6.031990051269531e-05,1.0013580322265625e-05,9.238719940185547e-06,1.7583370208740234e-06
Int4 Quantized,Masri,13,L12,sch,0.0260009765625,1.2218952178955078e-06,1.1548399925231934e-06,1.2367963790893555e-06,6.444752216339111e-07,4.5262277126312256e-07,3.56137752532959e-06,1.8477439880371094e-05,1.4185905456542969e-05,1.691281795501709e-06,2.738088369369507e-07
Int4 Quantized,Masri,14,L13,mais,0.004669189453125,1.1742115020751953e-05,3.993511199951172e-06,1.5944242477416992e-06,3.904104232788086e-06,5.811452865600586e-07,4.887580871582031e-06,0.000247955322265625,5.066394805908203e-06,2.7194619178771973e-07,8.987262845039368e-08
Int4 Quantized,Masri,15,L14,isd,0.0067138671875,7.217749953269958e-08,9.275972843170166e-07,2.4400651454925537e-07,8.754432201385498e-07,8.23289155960083e-07,2.7865171432495117e-06,5.2928924560546875e-05,1.919269561767578e-05,4.917383193969727e-07,6.891787052154541e-08
Int4 Quantized,Masri,16,L15,it,0.007171630859375,6.966292858123779e-07,1.8030405044555664e-06,9.685754776000977e-07,4.231929779052734e-06,1.1548399925231934e-06,2.276897430419922e-05,1.4483928680419922e-05,1.0609626770019531e-05,8.614733815193176e-08,3.026798367500305e-08
Int4 Quantized,Masri,17,L16, rätt,0.004730224609375,1.1324882507324219e-05,2.1457672119140625e-05,6.48200511932373e-07,3.9577484130859375e-05,2.294778823852539e-06,9.417533874511719e-06,8.404254913330078e-06,1.9550323486328125e-05,3.055902197957039e-09,5.9371814131736755e-08
Int4 Quantized,Masri,18,L17,架,0.0048828125,1.9073486328125e-06,2.193450927734375e-05,1.043081283569336e-06,7.200241088867188e-05,2.995133399963379e-06,1.780688762664795e-06,0.00020122528076171875,2.1219253540039062e-05,1.0477378964424133e-07,3.781169652938843e-07
Int4 Quantized,Masri,19,L18,架,0.00811767578125,5.364418029785156e-06,2.205371856689453e-05,9.08970832824707e-07,6.198883056640625e-05,2.205371856689453e-06,4.991888999938965e-07,0.00012302398681640625,2.9325485229492188e-05,4.912726581096649e-08,1.3634562492370605e-06
Int4 Quantized,Masri,20,L19, answer,0.008544921875,1.080334186553955e-06,0.000156402587890625,3.069639205932617e-06,0.00020694732666015625,1.1026859283447266e-06,3.3155083656311035e-07,0.0004825592041015625,8.791685104370117e-07,4.493631422519684e-08,3.203749656677246e-06
Int4 Quantized,Masri,21,L20,�ြ,0.00457763671875,9.220093488693237e-08,4.029273986816406e-05,6.183981895446777e-07,0.00016117095947265625,1.7210841178894043e-06,2.1792948246002197e-07,4.1484832763671875e-05,8.009374141693115e-07,1.837179297581315e-10,6.556510925292969e-07
Int4 Quantized,Masri,22,L21,الع,0.00482177734375,3.3527612686157227e-08,0.00118255615234375,8.717179298400879e-07,0.0008392333984375,3.5315752029418945e-06,3.334134817123413e-07,0.0003490447998046875,9.298324584960938e-06,1.1859810911118984e-09,3.0994415283203125e-06
Int4 Quantized,Masri,23,L22, visited,0.005279541015625,3.3527612686157227e-08,0.00067138671875,8.285045623779297e-06,0.0003261566162109375,4.6253204345703125e-05,3.8929283618927e-07,4.4345855712890625e-05,0.00091552734375,8.207280188798904e-09,4.559755325317383e-06
Int4 Quantized,Masri,24,L23,565,0.0177001953125,1.5133991837501526e-08,0.00099945068359375,2.6941299438476562e-05,0.000728607177734375,0.00018405914306640625,2.16066837310791e-06,2.491474151611328e-05,0.0028839111328125,2.775341272354126e-07,1.4424324035644531e-05
Int4 Quantized,Masri,25,L24, egy,0.0220947265625,5.20230969414115e-10,0.001068115234375,0.00010251998901367188,0.00040435791015625,0.00150299072265625,1.8924474716186523e-06,2.181529998779297e-05,0.000347137451171875,6.007030606269836e-08,4.267692565917969e-05
Int4 Quantized,Masri,26,L25, egy,0.0079345703125,1.6152625903487206e-09,0.0020751953125,0.00012874603271484375,0.0001811981201171875,0.00078582763671875,3.7401914596557617e-06,7.43865966796875e-05,0.00213623046875,1.601874828338623e-07,4.649162292480469e-05
Int4 Quantized,Masri,27,L26,**,0.0250244140625,6.752088665962219e-09,0.00372314453125,0.00010919570922851562,0.0002460479736328125,0.0011749267578125,3.2335519790649414e-06,5.650520324707031e-05,0.0250244140625,1.5795230865478516e-06,5.14984130859375e-05
Int4 Quantized,Masri,28,L27,**,0.19921875,7.275957614183426e-09,0.00341796875,0.00010013580322265625,0.00011348724365234375,0.005645751953125,2.872943878173828e-05,9.834766387939453e-06,0.19921875,3.2186508178710938e-06,3.314018249511719e-05
Int4 Quantized,Masri,29,L28, egy,0.0791015625,2.7066562324762344e-09,0.000934600830078125,0.0002593994140625,3.743171691894531e-05,0.00946044921875,0.00022220611572265625,2.5272369384765625e-05,0.0308837890625,7.301568984985352e-07,1.1920928955078125e-05
Int4 Quantized,Masri,30,L29, egy,0.07373046875,9.080395102500916e-09,0.007293701171875,0.00024127960205078125,0.0001373291015625,0.0106201171875,0.0001659393310546875,5.14984130859375e-05,0.00323486328125,2.0489096641540527e-07,2.0742416381835938e-05
Int4 Quantized,Masri,31,L30, egy,0.126953125,2.6338966563344e-09,0.0341796875,0.00014400482177734375,0.0003910064697265625,0.01104736328125,0.00012302398681640625,5.2928924560546875e-05,0.00360107421875,1.2852251529693604e-07,4.887580871582031e-06
Int4 Quantized,Masri,32,L31, **,0.1357421875,2.637534635141492e-10,0.1201171875,2.765655517578125e-05,5.173683166503906e-05,0.005279541015625,0.00011301040649414062,8.249282836914062e-05,0.007659912109375,4.936009645462036e-08,2.8759241104125977e-06
Int4 Quantized,Masri,33,L32,ال,0.56640625,2.4010660126805305e-09,0.56640625,2.2649765014648438e-05,0.00015735626220703125,0.00262451171875,0.00014781951904296875,0.00022220611572265625,0.052734375,1.0244548320770264e-08,9.611248970031738e-07
Int4 Quantized,Masri,34,L33,ال,0.43359375,5.066394805908203e-07,0.43359375,2.372264862060547e-05,0.00121307373046875,0.0035247802734375,0.0001697540283203125,0.00015926361083984375,0.1318359375,4.976755008101463e-09,1.5869736671447754e-06
Int4 Quantized,Masri,35,L34,**,0.47265625,0.000179290771484375,0.369140625,4.839897155761719e-05,0.0013275146484375,0.00058746337890625,0.00058746337890625,0.00021648406982421875,0.47265625,6.239861249923706e-08,3.9637088775634766e-06
Int4 Quantized,Masri,36,L35,ال,0.671875,1.3113021850585938e-05,0.671875,0.003997802734375,0.0029144287109375,0.005462646484375,0.00054168701171875,0.048583984375,0.0966796875,5.178153514862061e-07,7.241964340209961e-06
NF4 Quantized,EN,0,embed,<|START_RESPONSE|>,1.0,2.8287096058187527e-34,1.545430450278218e-13,2.795208725939191e-20,7.283063041541027e-14,2.1610093502947848e-23,1.1965442210392307e-26,5.0182080713057076e-14,0.0,0.0,5.161607022330893e-21
NF4 Quantized,EN,1,L0,inc,0.00457763671875,4.976987838745117e-06,4.493631422519684e-08,3.0100345611572266e-06,1.1399388313293457e-06,1.0281801223754883e-06,3.382563591003418e-06,7.003545761108398e-07,3.8370490074157715e-07,2.1100277081131935e-09,1.6167759895324707e-06
NF4 Quantized,EN,2,L1,200,0.0126953125,0.000225067138671875,1.6577541828155518e-07,2.562999725341797e-06,3.337860107421875e-06,7.674098014831543e-07,5.453824996948242e-06,4.079192876815796e-07,8.225440979003906e-06,1.2014061212539673e-07,2.16066837310791e-06
NF4 Quantized,EN,3,L2,25,0.0189208984375,2.586841583251953e-05,1.2665987014770508e-07,4.954636096954346e-07,9.760260581970215e-07,7.078051567077637e-07,4.559755325317383e-06,3.8743019104003906e-07,1.8358230590820312e-05,4.153698682785034e-07,1.691281795501709e-06
NF4 Quantized,EN,4,L3,20,0.0225830078125,1.0058283805847168e-06,3.812601789832115e-09,1.0989606380462646e-07,1.1688098311424255e-07,3.7997961044311523e-07,1.296401023864746e-06,9.778887033462524e-08,2.5331974029541016e-06,3.9674341678619385e-07,3.594905138015747e-07
NF4 Quantized,EN,5,L4,13,0.0196533203125,2.477318048477173e-07,1.2665987014770508e-07,2.812594175338745e-07,5.066394805908203e-07,5.550682544708252e-07,4.678964614868164e-06,6.891787052154541e-07,7.82310962677002e-07,1.6689300537109375e-06,7.972121238708496e-07
NF4 Quantized,EN,6,L5,5,0.00445556640625,3.159046173095703e-06,3.334134817123413e-07,5.125999450683594e-06,1.5087425708770752e-07,7.525086402893066e-07,1.633167266845703e-05,1.2516975402832031e-06,1.080334186553955e-06,1.385807991027832e-06,1.8998980522155762e-07
NF4 Quantized,EN,7,L6,217,0.0031890869140625,9.164214134216309e-07,2.4959444999694824e-07,2.7120113372802734e-06,2.5704503059387207e-07,7.189810276031494e-07,2.7567148208618164e-06,1.1399388313293457e-06,6.742775440216064e-07,1.0570511221885681e-07,2.3655593395233154e-07
NF4 Quantized,EN,8,L7,05,0.03369140625,7.227063179016113e-07,2.0023435354232788e-07,3.4421682357788086e-06,2.7194619178771973e-07,1.3113021850585938e-06,1.7583370208740234e-06,3.606081008911133e-06,1.2218952178955078e-06,3.855675458908081e-07,1.7974525690078735e-07
NF4 Quantized,EN,9,L8,Ann,0.0028839111328125,4.2438507080078125e-05,2.1904706954956055e-06,6.735324859619141e-06,6.48200511932373e-07,4.976987838745117e-06,4.887580871582031e-06,1.919269561767578e-05,2.922024577856064e-08,2.0675361156463623e-07,1.8812716007232666e-07
NF4 Quantized,EN,10,L9,08,0.007171630859375,2.110004425048828e-05,1.30385160446167e-07,6.22868537902832e-06,1.6111880540847778e-07,1.952052116394043e-06,4.023313522338867e-06,1.7523765563964844e-05,1.4156103134155273e-06,2.4586915969848633e-07,3.520399332046509e-07
NF4 Quantized,EN,11,L10, question,0.041015625,2.428889274597168e-06,7.59027898311615e-08,1.0058283805847168e-06,2.468004822731018e-08,3.7997961044311523e-07,2.9653310775756836e-06,8.52346420288086e-06,1.952052116394043e-06,1.9744038581848145e-07,5.438923835754395e-07
NF4 Quantized,EN,12,L11, answer,0.044677734375,7.68899917602539e-06,5.005858838558197e-08,1.4156103134155273e-06,1.8975697457790375e-08,6.593763828277588e-07,4.4405460357666016e-06,1.3232231140136719e-05,8.940696716308594e-06,6.884336471557617e-06,3.390014171600342e-07
NF4 Quantized,EN,13,L12,ation,0.048828125,3.2186508178710938e-06,1.6880221664905548e-08,5.62518835067749e-07,6.984919309616089e-08,3.520399332046509e-07,1.4975666999816895e-06,2.473592758178711e-06,2.041459083557129e-06,1.1205673217773438e-05,2.5890767574310303e-07
NF4 Quantized,EN,14,L13, answer,0.00885009765625,5.4836273193359375e-06,8.940696716308594e-08,2.5331974029541016e-07,4.731118679046631e-07,6.631016731262207e-07,2.5480985641479492e-06,2.0265579223632812e-05,4.231929779052734e-06,2.4959444999694824e-07,2.738088369369507e-07
NF4 Quantized,EN,15,L14,it,0.0250244140625,4.805624485015869e-07,4.7031790018081665e-08,9.080395102500916e-08,1.4435499906539917e-07,3.650784492492676e-07,2.816319465637207e-06,6.258487701416016e-06,2.753734588623047e-05,1.8775463104248047e-06,1.2386590242385864e-07
NF4 Quantized,EN,16,L15,225,0.0033111572265625,2.300366759300232e-07,4.237517714500427e-08,3.166496753692627e-07,2.0489096641540527e-07,1.214444637298584e-06,8.881092071533203e-06,4.4405460357666016e-06,9.894371032714844e-06,1.4901161193847656e-07,5.774199962615967e-08
NF4 Quantized,EN,17,L16,born,0.006561279296875,1.990795135498047e-05,1.9818544387817383e-06,5.401670932769775e-07,5.811452865600586e-06,1.9371509552001953e-06,1.5735626220703125e-05,5.841255187988281e-06,1.3053417205810547e-05,4.132743924856186e-09,1.434236764907837e-07
NF4 Quantized,EN,18,L17,itaj,0.005096435546875,2.039596438407898e-07,2.175569534301758e-06,1.3709068298339844e-06,4.6253204345703125e-05,3.159046173095703e-06,7.599592208862305e-07,5.936622619628906e-05,1.519918441772461e-05,3.329478204250336e-08,4.6193599700927734e-07
NF4 Quantized,EN,19,L18,itaj,0.00567626953125,6.817281246185303e-07,2.4139881134033203e-06,9.5367431640625e-07,0.00020122528076171875,5.066394805908203e-06,1.5459954738616943e-07,5.316734313964844e-05,2.3245811462402344e-05,2.3283064365386963e-08,1.4528632164001465e-06
NF4 Quantized,EN,20,L19,ترین,0.003936767578125,1.6167759895324707e-06,2.5272369384765625e-05,2.8461217880249023e-06,0.00013446807861328125,1.087784767150879e-06,9.546056389808655e-08,0.0002593994140625,2.8312206268310547e-06,1.4202669262886047e-08,1.862645149230957e-06
NF4 Quantized,EN,21,L20, αμφ,0.0036163330078125,1.1827796697616577e-07,1.5616416931152344e-05,7.7858567237854e-07,9.202957153320312e-05,1.8998980522155762e-06,7.497146725654602e-08,5.14984130859375e-05,3.7848949432373047e-06,5.566107574850321e-10,5.550682544708252e-07
NF4 Quantized,EN,22,L21,νομ,0.0032196044921875,4.307366907596588e-08,0.00014591217041015625,3.1478703022003174e-07,0.00104522705078125,7.115304470062256e-07,2.0954757928848267e-07,0.000762939453125,3.5762786865234375e-05,5.966285243630409e-10,1.5348196029663086e-06
NF4 Quantized,EN,23,L22, centralized,0.0026397705078125,2.076849341392517e-07,7.295608520507812e-05,9.715557098388672e-06,0.000736236572265625,6.139278411865234e-06,3.650784492492676e-07,0.0001163482666015625,0.000759124755859375,1.2951204553246498e-09,2.6971101760864258e-06
NF4 Quantized,EN,24,L23,اس,0.0040283203125,1.2386590242385864e-07,0.000213623046875,7.152557373046875e-05,0.00168609619140625,3.886222839355469e-05,1.6316771507263184e-06,0.000133514404296875,0.00168609619140625,1.043081283569336e-07,6.67572021484375e-06
NF4 Quantized,EN,25,L24, egy,0.1513671875,3.6816345527768135e-09,0.00011777877807617188,0.002227783203125,0.00079345703125,0.000530242919921875,2.175569534301758e-06,7.152557373046875e-05,6.818771362304688e-05,4.71482053399086e-09,8.165836334228516e-06
NF4 Quantized,EN,26,L25, egy,0.1474609375,4.0978193283081055e-08,0.0001220703125,0.00153350830078125,0.00018310546875,0.000583648681640625,3.3676624298095703e-06,0.000118255615234375,0.000400543212890625,3.608874976634979e-08,1.5974044799804688e-05
NF4 Quantized,EN,27,L26, egy,0.21875,8.475035429000854e-08,0.00023365020751953125,0.0015716552734375,0.0002574920654296875,0.00052642822265625,4.559755325317383e-06,0.00017070770263671875,0.001190185546875,1.0244548320770264e-07,3.361701965332031e-05
NF4 Quantized,EN,28,L27, egy,0.78125,1.2759119272232056e-07,8.0108642578125e-05,0.001251220703125,1.2278556823730469e-05,0.000335693359375,6.67572021484375e-06,1.895427703857422e-05,0.0031890869140625,2.726912498474121e-06,1.049041748046875e-05
NF4 Quantized,EN,29,L28, egy,0.64453125,1.525040715932846e-08,4.023313522338867e-06,0.00180816650390625,3.9674341678619385e-07,0.0002155303955078125,3.981590270996094e-05,4.559755325317383e-06,0.000148773193359375,2.384185791015625e-07,8.270144462585449e-07
NF4 Quantized,EN,30,L29, egy,0.57421875,1.2223608791828156e-08,1.8477439880371094e-05,0.0038604736328125,1.125037670135498e-06,0.00010633468627929688,3.6716461181640625e-05,1.1920928955078125e-05,2.5272369384765625e-05,6.379559636116028e-08,9.201467037200928e-07
NF4 Quantized,EN,31,L30, egy,0.8203125,9.546056389808655e-09,3.2901763916015625e-05,0.0019073486328125,4.041939973831177e-07,0.00015163421630859375,4.6253204345703125e-05,8.821487426757812e-06,0.0002079010009765625,7.916241884231567e-08,2.8312206268310547e-07
NF4 Quantized,EN,32,L31, egy,0.69921875,4.802132025361061e-09,2.5510787963867188e-05,0.000926971435546875,6.51925802230835e-08,6.29425048828125e-05,0.0001506805419921875,6.22868537902832e-06,0.0034332275390625,6.891787052154541e-08,3.46451997756958e-07
NF4 Quantized,EN,33,L32, Egypt,0.5859375,1.387670636177063e-07,5.662441253662109e-06,0.00093841552734375,8.288770914077759e-08,7.486343383789062e-05,0.000644683837890625,1.9550323486328125e-05,0.004486083984375,2.2817403078079224e-07,2.7567148208618164e-07
NF4 Quantized,EN,34,L33, Egypt,0.369140625,0.001251220703125,1.1399388313293457e-06,0.0142822265625,2.5704503059387207e-07,0.000278472900390625,0.0052490234375,7.62939453125e-06,0.06005859375,3.1441450119018555e-06,2.514570951461792e-07
NF4 Quantized,EN,35,L34,C,0.8046875,0.8046875,6.845220923423767e-08,0.001007080078125,1.2014061212539673e-07,8.702278137207031e-06,0.005096435546875,3.166496753692627e-07,0.09619140625,6.765127182006836e-06,8.66129994392395e-08
NF4 Quantized,EN,36,L35,Egypt,0.451171875,0.396484375,3.888271749019623e-08,0.451171875,1.1059455573558807e-08,2.110004425048828e-05,0.05712890625,5.075708031654358e-08,0.0238037109375,2.682209014892578e-06,2.60770320892334e-07
NF4 Quantized,MSA,0,embed,<|START_RESPONSE|>,1.0,2.8287096058187527e-34,1.545430450278218e-13,2.795208725939191e-20,7.283063041541027e-14,2.1610093502947848e-23,1.1965442210392307e-26,5.0182080713057076e-14,0.0,0.0,5.161607022330893e-21
NF4 Quantized,MSA,1,L0,inc,0.00469970703125,1.0311603546142578e-05,7.636845111846924e-08,3.3229589462280273e-06,1.8924474716186523e-06,1.0952353477478027e-06,1.952052116394043e-06,9.126961231231689e-07,1.1846423149108887e-06,1.367880031466484e-08,2.294778823852539e-06
NF4 Quantized,MSA,2,L1,500,0.0189208984375,0.0003147125244140625,1.8719583749771118e-07,2.2351741790771484e-06,4.410743713378906e-06,6.332993507385254e-07,3.606081008911133e-06,4.6193599700927734e-07,2.276897430419922e-05,5.997717380523682e-07,2.3692846298217773e-06
NF4 Quantized,MSA,3,L2,25,0.025390625,2.9802322387695312e-05,1.6763806343078613e-07,4.7124922275543213e-07,1.519918441772461e-06,7.003545761108398e-07,2.905726432800293e-06,4.5634806156158447e-07,3.933906555175781e-05,1.6689300537109375e-06,1.7434358596801758e-06
NF4 Quantized,MSA,4,L3,14,0.0380859375,6.318092346191406e-06,5.564652383327484e-08,2.1420419216156006e-07,1.1175870895385742e-06,7.636845111846924e-07,3.844499588012695e-06,2.4586915969848633e-07,2.3126602172851562e-05,9.775161743164062e-06,1.169741153717041e-06
NF4 Quantized,MSA,5,L4,5,0.043212890625,7.338821887969971e-07,1.1771917343139648e-06,3.4086406230926514e-07,3.7550926208496094e-06,8.67992639541626e-07,6.4373016357421875e-06,2.8759241104125977e-06,9.357929229736328e-06,2.0384788513183594e-05,1.8700957298278809e-06
NF4 Quantized,MSA,6,L5,it,0.01470947265625,5.424022674560547e-06,2.1457672119140625e-06,3.5762786865234375e-06,1.1175870895385742e-06,1.1399388313293457e-06,3.123283386230469e-05,1.8924474716186523e-06,1.621246337890625e-05,2.3484230041503906e-05,8.642673492431641e-07
NF4 Quantized,MSA,7,L6,98,0.0064697265625,1.735985279083252e-06,1.862645149230957e-06,2.7865171432495117e-06,2.2351741790771484e-06,1.601874828338623e-06,4.649162292480469e-06,2.8461217880249023e-06,9.000301361083984e-06,4.291534423828125e-06,1.3709068298339844e-06
NF4 Quantized,MSA,8,L7,4,0.054931640625,1.4007091522216797e-06,1.0058283805847168e-06,1.2442469596862793e-06,9.760260581970215e-07,1.4230608940124512e-06,1.5720725059509277e-06,7.68899917602539e-06,2.9206275939941406e-06,4.202127456665039e-06,3.1851232051849365e-07
NF4 Quantized,MSA,9,L8,yes,0.0068359375,0.00017070770263671875,5.7220458984375e-06,6.22868537902832e-06,2.7865171432495117e-06,9.059906005859375e-06,6.943941116333008e-06,3.528594970703125e-05,3.334134817123413e-07,7.987022399902344e-06,2.5890767574310303e-07
NF4 Quantized,MSA,10,L9,19,0.11865234375,5.602836608886719e-05,3.026798367500305e-08,6.221234798431396e-07,2.5262124836444855e-08,2.123415470123291e-07,2.5480985641479492e-06,1.259148120880127e-06,3.6954879760742188e-06,5.252659320831299e-07,5.098991096019745e-08
NF4 Quantized,MSA,11,L10,23,0.07958984375,1.9371509552001953e-06,1.6298145055770874e-07,6.109476089477539e-07,3.3760443329811096e-08,2.812594175338745e-07,1.817941665649414e-06,5.781650543212891e-06,3.337860107421875e-06,3.818422555923462e-07,2.942979335784912e-07
NF4 Quantized,MSA,12,L11, answer,0.0223388671875,6.407499313354492e-06,2.9243528842926025e-07,1.9669532775878906e-06,7.962808012962341e-08,4.805624485015869e-07,7.3909759521484375e-06,2.1696090698242188e-05,5.245208740234375e-06,1.1622905731201172e-05,3.3155083656311035e-07
NF4 Quantized,MSA,13,L12,if,0.033203125,1.952052116394043e-06,1.3131648302078247e-07,5.178153514862061e-07,3.3155083656311035e-07,5.252659320831299e-07,1.2665987014770508e-06,2.771615982055664e-06,3.904104232788086e-06,1.4066696166992188e-05,2.644956111907959e-07
NF4 Quantized,MSA,14,L13,it,0.004119873046875,9.059906005859375e-06,9.164214134216309e-07,4.470348358154297e-07,2.7865171432495117e-06,1.1473894119262695e-06,1.952052116394043e-06,7.581710815429688e-05,1.0073184967041016e-05,2.868473529815674e-07,2.551823854446411e-07
NF4 Quantized,MSA,15,L14,it,0.021728515625,4.675239324569702e-07,2.4586915969848633e-07,1.8812716007232666e-07,1.9818544387817383e-06,9.275972843170166e-07,1.2516975402832031e-06,3.4809112548828125e-05,4.9114227294921875e-05,6.183981895446777e-07,1.0104849934577942e-07
NF4 Quantized,MSA,16,L15,while,0.0062255859375,2.207234501838684e-07,2.6263296604156494e-07,4.5634806156158447e-07,1.3560056686401367e-06,2.592802047729492e-06,4.947185516357422e-06,1.5974044799804688e-05,6.854534149169922e-06,1.0570511221885681e-07,5.75091689825058e-08
NF4 Quantized,MSA,17,L16, antwoord,0.0030059814453125,7.271766662597656e-06,2.300739288330078e-05,8.121132850646973e-07,3.9577484130859375e-05,3.3527612686157227e-06,8.285045623779297e-06,1.4603137969970703e-05,6.645917892456055e-06,2.4301698431372643e-09,1.2200325727462769e-07
NF4 Quantized,MSA,18,L17, شم,0.00848388671875,2.551823854446411e-07,1.5854835510253906e-05,1.4603137969970703e-06,0.00011014938354492188,3.0100345611572266e-06,6.92903995513916e-07,0.00011014938354492188,6.556510925292969e-06,1.3317912817001343e-07,8.828938007354736e-07
NF4 Quantized,MSA,19,L18,telen,0.0047607421875,9.5367431640625e-07,1.1920928955078125e-05,1.1026859283447266e-06,0.0003337860107421875,3.7103891372680664e-06,2.60770320892334e-07,7.963180541992188e-05,1.049041748046875e-05,3.818422555923462e-08,3.427267074584961e-06
NF4 Quantized,MSA,20,L19, answered,0.009521484375,9.462237358093262e-07,6.103515625e-05,2.4437904357910156e-06,0.00023746490478515625,9.98377799987793e-07,1.4901161193847656e-07,0.0002231597900390625,9.275972843170166e-07,1.7229467630386353e-08,4.172325134277344e-06
NF4 Quantized,MSA,21,L20, none,0.0047607421875,3.864988684654236e-08,6.079673767089844e-05,6.183981895446777e-07,0.00018405914306640625,1.6540288925170898e-06,1.1175870895385742e-07,6.246566772460938e-05,9.98377799987793e-07,3.67435859516263e-10,1.214444637298584e-06
NF4 Quantized,MSA,22,L21, none,0.00689697265625,1.8277205526828766e-08,0.000640869140625,2.980232238769531e-07,0.002105712890625,1.0207295417785645e-06,1.993030309677124e-07,0.000934600830078125,8.64267349243164e-06,1.4479155652225018e-09,4.082918167114258e-06
NF4 Quantized,MSA,23,L22, nowhere,0.01153564453125,1.05355866253376e-08,0.000522613525390625,5.424022674560547e-06,0.00182342529296875,1.0788440704345703e-05,1.9837170839309692e-07,0.00013446807861328125,0.00032806396484375,1.2587406672537327e-09,1.0311603546142578e-05
NF4 Quantized,MSA,24,L23,اس,0.00555419921875,1.9354047253727913e-09,0.0017547607421875,1.1146068572998047e-05,0.00421142578125,6.079673767089844e-05,1.1622905731201172e-06,0.0001087188720703125,0.0003662109375,2.3515895009040833e-08,2.09808349609375e-05
NF4 Quantized,MSA,25,L24, egy,0.022705078125,6.002665031701326e-11,0.0023956298828125,0.0002765655517578125,0.002105712890625,0.00096893310546875,1.1771917343139648e-06,0.0001087188720703125,1.1980533599853516e-05,1.6516423784196377e-09,3.361701965332031e-05
NF4 Quantized,MSA,26,L25, egy,0.00946044921875,6.875779945403337e-10,0.004058837890625,0.00030517578125,0.000965118408203125,0.0006866455078125,2.3692846298217773e-06,0.0001850128173828125,6.389617919921875e-05,9.19681042432785e-09,4.2438507080078125e-05
NF4 Quantized,MSA,27,L26, egy,0.0205078125,1.7971615307033062e-09,0.00885009765625,0.0003871917724609375,0.00115966796875,0.00061798095703125,2.905726432800293e-06,0.0002498626708984375,0.0007476806640625,3.282912075519562e-08,5.8650970458984375e-05
NF4 Quantized,MSA,28,L27, egy,0.08740234375,2.8230715543031693e-09,0.0118408203125,0.0002040863037109375,0.000518798828125,0.0023345947265625,1.0907649993896484e-05,3.4809112548828125e-05,0.0010986328125,2.0116567611694336e-07,3.4809112548828125e-05
NF4 Quantized,MSA,29,L28, egy,0.1328125,3.292370820418e-10,0.0026702880859375,0.000408172607421875,0.00010633468627929688,0.003021240234375,9.393692016601562e-05,4.172325134277344e-05,0.00010633468627929688,1.792795956134796e-08,9.59634780883789e-06
NF4 Quantized,MSA,30,L29, egy,0.1796875,5.384208634495735e-10,0.0107421875,0.00048828125,0.000278472900390625,0.002899169921875,7.486343383789062e-05,4.982948303222656e-05,1.4722347259521484e-05,6.344635039567947e-09,1.728534698486328e-05
NF4 Quantized,MSA,31,L30, egy,0.2060546875,1.2187229003757238e-10,0.0262451171875,0.000171661376953125,0.001190185546875,0.0033416748046875,4.076957702636719e-05,4.601478576660156e-05,1.621246337890625e-05,3.245077095925808e-09,8.285045623779297e-06
NF4 Quantized,MSA,32,L31,ال,0.125,1.6484591469634324e-11,0.125,5.91278076171875e-05,0.000301361083984375,0.00157928466796875,5.555152893066406e-05,9.775161743164062e-05,7.581710815429688e-05,1.5352270565927029e-09,5.0961971282958984e-06
NF4 Quantized,MSA,33,L32,ال,0.458984375,2.6193447411060333e-10,0.458984375,2.586841583251953e-05,0.000537872314453125,0.000942230224609375,6.389617919921875e-05,0.00021648406982421875,0.00014400482177734375,3.3651303965598345e-10,3.1888484954833984e-06
NF4 Quantized,MSA,34,L33,ال,0.3359375,2.905726432800293e-07,0.3359375,0.00013256072998046875,0.0037384033203125,0.005126953125,0.00014019012451171875,0.000270843505859375,0.0004749298095703125,5.238689482212067e-10,5.632638931274414e-06
NF4 Quantized,MSA,35,L34,ال,0.7734375,4.100799560546875e-05,0.7734375,0.00013065338134765625,0.028076171875,0.000751495361328125,0.000331878662109375,0.000621795654296875,0.005889892578125,1.816079020500183e-08,1.2874603271484375e-05
NF4 Quantized,MSA,36,L35,ال,0.59375,6.29425048828125e-05,0.59375,0.01397705078125,0.09716796875,0.00750732421875,0.0008392333984375,0.0380859375,0.01092529296875,2.2202730178833008e-06,2.6226043701171875e-05
NF4 Quantized,Masri,0,embed,<|START_RESPONSE|>,1.0,2.8287096058187527e-34,1.545430450278218e-13,2.795208725939191e-20,7.283063041541027e-14,2.1610093502947848e-23,1.1965442210392307e-26,5.0182080713057076e-14,0.0,0.0,5.161607022330893e-21
NF4 Quantized,Masri,1,L0,inc,0.004608154296875,7.68899917602539e-06,6.379559636116028e-08,2.8908252716064453e-06,1.3113021850585938e-06,9.201467037200928e-07,2.175569534301758e-06,7.82310962677002e-07,1.0356307029724121e-06,6.51925802230835e-09,1.996755599975586e-06
NF4 Quantized,Masri,2,L1,500,0.02099609375,0.000385284423828125,1.4994293451309204e-07,1.996755599975586e-06,3.3080577850341797e-06,6.109476089477539e-07,3.5762786865234375e-06,3.818422555923462e-07,2.2411346435546875e-05,3.241002559661865e-07,1.9073486328125e-06
NF4 Quantized,Masri,3,L2,25,0.022216796875,4.291534423828125e-05,1.4156103134155273e-07,4.116445779800415e-07,1.1548399925231934e-06,6.444752216339111e-07,3.2633543014526367e-06,3.7066638469696045e-07,3.337860107421875e-05,8.046627044677734e-07,1.5124678611755371e-06
NF4 Quantized,Masri,4,L3,5,0.042236328125,6.705522537231445e-06,1.664739102125168e-08,1.5459954738616943e-07,4.246830940246582e-07,3.8743019104003906e-07,2.250075340270996e-06,9.266659617424011e-08,7.241964340209961e-06,6.295740604400635e-07,3.725290298461914e-07
NF4 Quantized,Masri,5,L4,4,0.03466796875,8.344650268554688e-07,1.1920928955078125e-06,5.587935447692871e-07,5.453824996948242e-06,7.37607479095459e-07,8.225440979003906e-06,2.175569534301758e-06,6.5267086029052734e-06,2.8014183044433594e-06,9.834766387939453e-07
NF4 Quantized,Masri,6,L5,it,0.02587890625,9.059906005859375e-06,1.2218952178955078e-06,3.6954879760742188e-06,1.2293457984924316e-06,9.015202522277832e-07,1.811981201171875e-05,1.9073486328125e-06,6.765127182006836e-06,5.245208740234375e-06,5.848705768585205e-07
NF4 Quantized,Masri,7,L6,98,0.007476806640625,5.304813385009766e-06,1.1324882507324219e-06,2.6971101760864258e-06,2.518296241760254e-06,1.0654330253601074e-06,4.76837158203125e-06,1.8402934074401855e-06,6.5267086029052734e-06,2.7120113372802734e-06,1.862645149230957e-06
NF4 Quantized,Masri,8,L7,4,0.169921875,2.9802322387695312e-06,1.5832483768463135e-07,6.48200511932373e-07,3.4086406230926514e-07,4.954636096954346e-07,7.301568984985352e-07,1.30385160446167e-06,1.8924474716186523e-06,2.205371856689453e-06,1.862645149230957e-07
NF4 Quantized,Masri,9,L8,try,0.00921630859375,0.00015354156494140625,1.7508864402770996e-06,9.5367431640625e-06,1.6316771507263184e-06,6.0498714447021484e-06,7.3015689849853516e-06,1.2636184692382812e-05,1.9185245037078857e-07,4.857778549194336e-06,2.9616057872772217e-07
NF4 Quantized,Masri,10,L9,1,0.09033203125,4.553794860839844e-05,3.119930624961853e-08,1.1771917343139648e-06,4.516914486885071e-08,2.0582228899002075e-07,4.500150680541992e-06,1.2516975402832031e-06,2.3692846298217773e-06,3.259629011154175e-07,6.28642737865448e-08
NF4 Quantized,Masri,11,L10,23,0.07763671875,1.1771917343139648e-06,9.173527359962463e-08,1.087784767150879e-06,3.841705620288849e-08,1.4528632164001465e-07,1.5348196029663086e-06,3.471970558166504e-06,1.5497207641601562e-06,1.3969838619232178e-07,2.60770320892334e-07
NF4 Quantized,Masri,12,L11,32,0.0198974609375,5.364418029785156e-06,2.7939677238464355e-07,3.203749656677246e-06,1.601874828338623e-07,4.4889748096466064e-07,1.0669231414794922e-05,1.4781951904296875e-05,4.0531158447265625e-06,7.331371307373047e-06,5.923211574554443e-07
NF4 Quantized,Masri,13,L12,if,0.056884765625,9.499490261077881e-07,4.7963112592697144e-08,2.1047890186309814e-07,2.169981598854065e-07,1.909211277961731e-07,7.450580596923828e-07,1.4379620552062988e-06,1.1026859283447266e-06,2.5033950805664062e-06,1.387670636177063e-07
NF4 Quantized,Masri,14,L13,it,0.01031494140625,7.927417755126953e-06,8.456408977508545e-07,3.557652235031128e-07,2.1904706954956055e-06,4.880130290985107e-07,2.115964889526367e-06,8.916854858398438e-05,5.155801773071289e-06,1.9371509552001953e-07,2.1792948246002197e-07
NF4 Quantized,Masri,15,L14,it,0.0284423828125,2.337619662284851e-07,2.477318048477173e-07,1.126900315284729e-07,1.0356307029724121e-06,5.699694156646729e-07,2.5331974029541016e-06,4.267692565917969e-05,4.00543212890625e-05,7.115304470062256e-07,9.359791874885559e-08
NF4 Quantized,Masri,16,L15,it,0.0159912109375,1.2386590242385864e-07,2.9243528842926025e-07,3.259629011154175e-07,9.052455425262451e-07,1.6167759895324707e-06,1.3649463653564453e-05,1.8715858459472656e-05,7.212162017822266e-06,1.0104849934577942e-07,2.9453076422214508e-08
NF4 Quantized,Masri,17,L16,ноз,0.0054931640625,1.0967254638671875e-05,2.110004425048828e-05,8.791685104370117e-07,4.982948303222656e-05,2.950429916381836e-06,2.014636993408203e-05,2.0503997802734375e-05,2.110004425048828e-05,1.6807462088763714e-09,1.126900315284729e-07
NF4 Quantized,Masri,18,L17, شم,0.00787353515625,7.003545761108398e-07,1.2993812561035156e-05,1.2367963790893555e-06,0.00014019012451171875,3.293156623840332e-06,1.8402934074401855e-06,0.000164031982421875,1.621246337890625e-05,1.7695128917694092e-07,7.972121238708496e-07
NF4 Quantized,Masri,19,L18,架,0.00640869140625,1.8924474716186523e-06,1.049041748046875e-05,1.1026859283447266e-06,0.00022602081298828125,4.1425228118896484e-06,4.3213367462158203e-07,0.00012874603271484375,1.800060272216797e-05,4.0512531995773315e-08,2.6226043701171875e-06
NF4 Quantized,Masri,20,L19, answer,0.00946044921875,3.3527612686157227e-06,8.296966552734375e-05,3.203749656677246e-06,0.0003337860107421875,9.98377799987793e-07,3.259629011154175e-07,0.0003032684326171875,1.7210841178894043e-06,5.052424967288971e-08,3.814697265625e-06
NF4 Quantized,Masri,21,L20,νομ,0.004486083984375,1.1781230568885803e-07,8.058547973632812e-05,6.258487701416016e-07,0.000179290771484375,1.3709068298339844e-06,1.7136335372924805e-07,6.818771362304688e-05,1.0058283805847168e-06,5.893525667488575e-10,1.125037670135498e-06
NF4 Quantized,Masri,22,L21,ها,0.004669189453125,1.2747477740049362e-08,0.001617431640625,3.1851232051849365e-07,0.0029296875,1.043081283569336e-06,3.557652235031128e-07,0.001617431640625,5.811452865600586e-06,7.203198038041592e-10,2.4586915969848633e-06
NF4 Quantized,Masri,23,L22,اس,0.00469970703125,6.664777174592018e-09,0.00112152099609375,4.4405460357666016e-06,0.001678466796875,1.3649463653564453e-05,2.6635825634002686e-07,0.000148773193359375,0.00014495849609375,7.239577826112509e-10,4.1425228118896484e-06
NF4 Quantized,Masri,24,L23,565,0.007537841796875,9.89530235528946e-10,0.002288818359375,1.3887882232666016e-05,0.002685546875,8.249282836914062e-05,1.3560056686401367e-06,8.7738037109375e-05,0.00011587142944335938,8.556526154279709e-09,9.5367431640625e-06
NF4 Quantized,Masri,25,L24, egy,0.0284423828125,5.502442945726216e-11,0.0027313232421875,0.0001239776611328125,0.00146484375,0.000713348388671875,9.685754776000977e-07,0.00010776519775390625,1.245737075805664e-05,1.3751559890806675e-09,1.9311904907226562e-05
NF4 Quantized,Masri,26,L25, egy,0.0137939453125,5.711626727133989e-10,0.005950927734375,0.00020313262939453125,0.000827789306640625,0.0005340576171875,1.8924474716186523e-06,0.00019073486328125,7.009506225585938e-05,5.966285243630409e-09,2.9802322387695312e-05
NF4 Quantized,Masri,27,L26, egy,0.0308837890625,1.3169483281672e-09,0.00885009765625,0.0003108978271484375,0.0009307861328125,0.000545501708984375,2.3990869522094727e-06,0.00018310546875,0.00077056884765625,2.7241185307502747e-08,3.790855407714844e-05
NF4 Quantized,Masri,28,L27, egy,0.1552734375,1.4770193956792355e-09,0.01055908203125,0.00017547607421875,0.000308990478515625,0.002349853515625,6.973743438720703e-06,2.0384788513183594e-05,0.00101470947265625,1.5832483768463135e-07,2.002716064453125e-05
NF4 Quantized,Masri,29,L28, egy,0.23828125,2.9831426218152046e-10,0.0026397705078125,0.0004062652587890625,0.0001125335693359375,0.0027313232421875,7.390975952148438e-05,3.218650817871094e-05,9.34600830078125e-05,1.7811544239521027e-08,5.662441253662109e-06
NF4 Quantized,Masri,30,L29, egy,0.291015625,5.311449058353901e-10,0.0128173828125,0.00049591064453125,0.0003108978271484375,0.0023651123046875,5.078315734863281e-05,3.337860107421875e-05,1.2218952178955078e-05,5.3551048040390015e-09,9.834766387939453e-06
NF4 Quantized,Masri,31,L30, egy,0.33984375,1.1459633242338896e-10,0.038330078125,0.000194549560546875,0.00157928466796875,0.003143310546875,3.266334533691406e-05,2.8848648071289062e-05,1.621246337890625e-05,2.444721758365631e-09,4.708766937255859e-06
NF4 Quantized,Masri,32,L31, egy,0.1875,1.807620719773695e-11,0.1767578125,6.914138793945312e-05,0.000423431396484375,0.00183868408203125,4.3392181396484375e-05,7.581710815429688e-05,9.775161743164062e-05,1.3096723705530167e-09,2.4437904357910156e-06
NF4 Quantized,Masri,33,L32,ال,0.59375,3.001332515850663e-10,0.59375,3.24249267578125e-05,0.00074005126953125,0.0012969970703125,5.698204040527344e-05,0.00016498565673828125,0.000247955322265625,3.001332515850663e-10,1.2367963790893555e-06
NF4 Quantized,Masri,34,L33,ال,0.515625,3.5390257835388184e-07,0.515625,0.0001583099365234375,0.006103515625,0.006103515625,0.0001354217529296875,0.00015354156494140625,0.0007781982421875,3.5652192309498787e-10,2.250075340270996e-06
NF4 Quantized,Masri,35,L34,ال,0.8515625,5.626678466796875e-05,0.8515625,8.20159912109375e-05,0.03515625,0.0005035400390625,0.00020885467529296875,0.00023746490478515625,0.0107421875,1.1699739843606949e-08,3.9637088775634766e-06
NF4 Quantized,Masri,36,L35,ال,0.63671875,4.482269287109375e-05,0.63671875,0.01409912109375,0.09814453125,0.008544921875,0.000659942626953125,0.0233154296875,0.0159912109375,1.6391277313232422e-06,1.329183578491211e-05
